courseId,hole,par,distFt,source
juel-community-park,1,,257,osm
juel-community-park,2,,226,osm
juel-community-park,3,,263,osm
juel-community-park,4,,309,osm
juel-community-park,5,,340,osm
juel-community-park,6,,423,osm
juel-community-park,7,,345,osm
juel-community-park,9,,200,osm
juel-community-park,10,,300,osm
juel-community-park,11,,270,osm
juel-community-park,12,,222,osm
juel-community-park,13,,354,osm
juel-community-park,14,,355,osm
juel-community-park,15,,486,osm
juel-community-park,16,,370,osm
juel-community-park,17,,344,osm
juel-community-park,18,,227,osm
victory-park-0,1,,373,osm
victory-park-0,2,,230,osm
victory-park-0,3,,231,osm
victory-park-0,4,,354,osm
victory-park-0,5,,539,osm
victory-park-0,6,,277,osm
victory-park-0,7,,371,osm
victory-park-0,8,,371,osm
victory-park-0,9,,354,osm
victory-park-0,10,,296,osm
victory-park-0,11,,217,osm
victory-park-0,12,,971,osm
victory-park-0,13,,235,osm
victory-park-0,14,,224,osm
victory-park-0,15,,273,osm
victory-park-0,16,,276,osm
victory-park-0,17,,563,osm
victory-park-0,18,,364,osm
buckhorn-harris-lake-county-park,1,,356,osm
buckhorn-harris-lake-county-park,2,,264,osm
buckhorn-harris-lake-county-park,3,,302,osm
buckhorn-harris-lake-county-park,4,,465,osm
buckhorn-harris-lake-county-park,5,,274,osm
buckhorn-harris-lake-county-park,6,,432,osm
buckhorn-harris-lake-county-park,7,,244,osm
buckhorn-harris-lake-county-park,8,,154,osm
buckhorn-harris-lake-county-park,9,,314,osm
buckhorn-harris-lake-county-park,10,,416,osm
buckhorn-harris-lake-county-park,11,,340,osm
buckhorn-harris-lake-county-park,12,,300,osm
buckhorn-harris-lake-county-park,13,,250,osm
buckhorn-harris-lake-county-park,14,,266,osm
buckhorn-harris-lake-county-park,15,,265,osm
buckhorn-harris-lake-county-park,16,,350,osm
buckhorn-harris-lake-county-park,17,,404,osm
buckhorn-harris-lake-county-park,18,,370,osm
boomer-lake-park,1,3,205,osm
boomer-lake-park,2,3,356,osm
boomer-lake-park,3,3,264,osm
boomer-lake-park,4,3,392,osm
boomer-lake-park,5,3,456,osm
boomer-lake-park,6,3,353,osm
boomer-lake-park,7,3,298,osm
boomer-lake-park,8,,338,osm
boomer-lake-park,9,,721,osm
boomer-lake-park,10,4,246,osm
boomer-lake-park,11,3,393,osm
boomer-lake-park,12,3,305,osm
boomer-lake-park,13,3,246,osm
boomer-lake-park,14,3,416,osm
boomer-lake-park,15,3,384,osm
boomer-lake-park,16,3,377,osm
boomer-lake-park,17,3,227,osm
boomer-lake-park,18,3,293,osm
larson-park,1,4,275,osm
larson-park,2,3,194,osm
larson-park,3,4,242,osm
larson-park,4,3,142,osm
larson-park,5,3,189,osm
larson-park,6,5,307,osm
larson-park,7,3,111,osm
larson-park,8,3,165,osm
larson-park,9,5,338,osm
larson-park,10,3,176,osm
larson-park,11,4,222,osm
larson-park,12,4,233,osm
larson-park,13,4,237,osm
larson-park,14,5,286,osm
larson-park,15,3,187,osm
larson-park,16,3,165,osm
larson-park,17,4,236,osm
larson-park,18,5,393,osm
jackson-crossing-disc-golf,1,4,247,osm
jackson-crossing-disc-golf,2,3,133,osm
jackson-crossing-disc-golf,3,5,302,osm
jackson-crossing-disc-golf,4,3,216,osm
jackson-crossing-disc-golf,5,4,191,osm
jackson-crossing-disc-golf,6,5,374,osm
jackson-crossing-disc-golf,7,4,207,osm
jackson-crossing-disc-golf,8,4,270,osm
jackson-crossing-disc-golf,9,4,276,osm
expo-park,1,3,268,osm
expo-park,2,3,243,osm
expo-park,3,3,317,osm
expo-park,4,3,329,osm
expo-park,5,3,296,osm
expo-park,6,3,340,osm
expo-park,7,3,229,osm
expo-park,8,3,402,osm
expo-park,9,3,298,osm
expo-park,10,3,197,osm
expo-park,11,3,273,osm
expo-park,12,3,278,osm
expo-park,13,3,355,osm
expo-park,14,3,330,osm
expo-park,15,3,321,osm
expo-park,16,3,201,osm
expo-park,17,3,270,osm
expo-park,18,3,216,osm
plamann-apple-creek-18,1,,454,osm
plamann-apple-creek-18,2,,302,osm
plamann-apple-creek-18,3,,271,osm
plamann-apple-creek-18,4,,319,osm
plamann-apple-creek-18,5,,303,osm
plamann-apple-creek-18,6,,257,osm
plamann-apple-creek-18,7,,408,osm
plamann-apple-creek-18,8,,302,osm
plamann-apple-creek-18,9,,265,osm
plamann-apple-creek-18,10,,272,osm
plamann-apple-creek-18,11,,182,osm
plamann-apple-creek-18,12,,200,osm
plamann-apple-creek-18,13,,385,osm
plamann-apple-creek-18,14,,215,osm
plamann-apple-creek-18,15,,256,osm
plamann-apple-creek-18,16,,356,osm
plamann-apple-creek-18,17,,280,osm
plamann-apple-creek-18,18,,248,osm
ludington-park-0,1,4,429,osm
ludington-park-0,2,3,246,osm
ludington-park-0,3,3,207,osm
ludington-park-0,4,3,333,osm
ludington-park-0,5,3,305,osm
ludington-park-0,6,3,273,osm
ludington-park-0,7,3,347,osm
ludington-park-0,8,3,160,osm
ludington-park-0,9,3,249,osm
roosevelt-park,1,3,272,osm
roosevelt-park,2,3,269,osm
roosevelt-park,3,3,255,osm
roosevelt-park,4,4,446,osm
roosevelt-park,5,3,113,osm
roosevelt-park,6,3,307,osm
roosevelt-park,7,3,213,osm
roosevelt-park,8,3,291,osm
roosevelt-park,9,3,210,osm
roosevelt-park,10,3,337,osm
roosevelt-park,11,4,391,osm
roosevelt-park,12,3,398,osm
roosevelt-park,13,3,306,osm
roosevelt-park,14,3,353,osm
roosevelt-park,15,3,406,osm
roosevelt-park,18,3,290,osm
west-side-park,1,,284,osm
west-side-park,2,,237,osm
west-side-park,3,,275,osm
west-side-park,4,,231,osm
west-side-park,5,,475,osm
west-side-park,6,,321,osm
west-side-park,7,,623,osm
west-side-park,8,,306,osm
west-side-park,9,,295,osm
edora-park,1,,305,osm
edora-park,2,,239,osm
edora-park,3,,305,osm
edora-park,4,,333,osm
edora-park,5,,419,osm
edora-park,6,,360,osm
edora-park,7,,209,osm
edora-park,8,,385,osm
edora-park,9,,365,osm
edora-park,10,,209,osm
edora-park,11,,680,osm
edora-park,12,,217,osm
edora-park,13,,489,osm
edora-park,14,,287,osm
edora-park,15,,175,osm
edora-park,16,,376,osm
edora-park,17,,441,osm
edora-park,18,,477,osm
edmundson-park,1,3,224,osm
edmundson-park,2,3,275,osm
edmundson-park,4,3,275,osm
edmundson-park,5,3,173,osm
edmundson-park,6,3,526,osm
edmundson-park,7,3,281,osm
edmundson-park,8,3,332,osm
edmundson-park,9,3,299,osm
edmundson-park,10,3,397,osm
edmundson-park,11,3,347,osm
edmundson-park,12,3,552,osm
edmundson-park,14,3,291,osm
edmundson-park,15,3,365,osm
edmundson-park,16,3,375,osm
edmundson-park,17,3,286,osm
edmundson-park,18,3,315,osm
rock-ridge-park-dgc,1,,532,osm
rock-ridge-park-dgc,2,,368,osm
rock-ridge-park-dgc,3,,242,osm
rock-ridge-park-dgc,4,,238,osm
rock-ridge-park-dgc,5,,414,osm
rock-ridge-park-dgc,6,,256,osm
rock-ridge-park-dgc,7,,565,osm
rock-ridge-park-dgc,8,,203,osm
rock-ridge-park-dgc,9,,234,osm
rock-ridge-park-dgc,10,,541,osm
rock-ridge-park-dgc,11,,296,osm
rock-ridge-park-dgc,12,,415,osm
rock-ridge-park-dgc,13,,276,osm
rock-ridge-park-dgc,14,,510,osm
rock-ridge-park-dgc,15,,225,osm
rock-ridge-park-dgc,16,,279,osm
rock-ridge-park-dgc,17,,709,osm
rock-ridge-park-dgc,18,,388,osm
south-wood-county-park,1,,222,osm
south-wood-county-park,2,,239,osm
south-wood-county-park,3,,192,osm
south-wood-county-park,4,,221,osm
south-wood-county-park,5,,202,osm
south-wood-county-park,6,,156,osm
south-wood-county-park,7,,265,osm
south-wood-county-park,8,,340,osm
south-wood-county-park,9,,208,osm
south-wood-county-park,10,,149,osm
south-wood-county-park,11,,277,osm
south-wood-county-park,12,,268,osm
minnehaha-fallswabun-picnic-disc-golf-course,1,,171,osm
minnehaha-fallswabun-picnic-disc-golf-course,2,,155,osm
minnehaha-fallswabun-picnic-disc-golf-course,3,,185,osm
minnehaha-fallswabun-picnic-disc-golf-course,4,,165,osm
minnehaha-fallswabun-picnic-disc-golf-course,5,,207,osm
minnehaha-fallswabun-picnic-disc-golf-course,6,,275,osm
minnehaha-fallswabun-picnic-disc-golf-course,7,,212,osm
minnehaha-fallswabun-picnic-disc-golf-course,8,,207,osm
minnehaha-fallswabun-picnic-disc-golf-course,9,,233,osm
glenn-c-hilton-memorial-park,1,,256,osm
glenn-c-hilton-memorial-park,2,,216,osm
glenn-c-hilton-memorial-park,3,,263,osm
glenn-c-hilton-memorial-park,4,,310,osm
glenn-c-hilton-memorial-park,5,,304,osm
glenn-c-hilton-memorial-park,6,,141,osm
glenn-c-hilton-memorial-park,7,,395,osm
glenn-c-hilton-memorial-park,8,,223,osm
glenn-c-hilton-memorial-park,9,,163,osm
glenn-c-hilton-memorial-park,10,,204,osm
glenn-c-hilton-memorial-park,11,,208,osm
glenn-c-hilton-memorial-park,12,,209,osm
glenn-c-hilton-memorial-park,13,,161,osm
glenn-c-hilton-memorial-park,14,,249,osm
glenn-c-hilton-memorial-park,15,,216,osm
glenn-c-hilton-memorial-park,16,,295,osm
glenn-c-hilton-memorial-park,17,,163,osm
glenn-c-hilton-memorial-park,18,,149,osm
glenn-c-hilton-memorial-park,19,,210,osm
glenn-c-hilton-memorial-park,20,,144,osm
glenn-c-hilton-memorial-park,21,,184,osm
glenn-c-hilton-memorial-park,22,,174,osm
glenn-c-hilton-memorial-park,23,,155,osm
glenn-c-hilton-memorial-park,24,,174,osm
dragon,1,,509,osm
dragon,2,,343,osm
dragon,3,,296,osm
dragon,4,,497,osm
dragon,5,,682,osm
dragon,6,,750,osm
dragon,7,,345,osm
dragon,8,,267,osm
dragon,9,,773,osm
dragon,10,,425,osm
dragon,11,,316,osm
dragon,12,,444,osm
dragon,14,,679,osm
dragon,15,,563,osm
dragon,16,,461,osm
dragon,17,,706,osm
dragon,18,,392,osm
elm-creek-disc-golf-course,1,,295,osm
elm-creek-disc-golf-course,2,,138,osm
elm-creek-disc-golf-course,3,,170,osm
elm-creek-disc-golf-course,4,,285,osm
elm-creek-disc-golf-course,5,,228,osm
elm-creek-disc-golf-course,6,,281,osm
elm-creek-disc-golf-course,7,,332,osm
elm-creek-disc-golf-course,8,,236,osm
elm-creek-disc-golf-course,9,,250,osm
uw-campus-parkside-east,1,,238,osm
uw-campus-parkside-east,2,,348,osm
uw-campus-parkside-east,3,,413,osm
uw-campus-parkside-east,4,,444,osm
uw-campus-parkside-east,5,,364,osm
uw-campus-parkside-east,6,,221,osm
uw-campus-parkside-east,7,,251,osm
uw-campus-parkside-east,8,,134,osm
uw-campus-parkside-east,9,,211,osm
uw-campus-parkside-east,10,,446,osm
uw-campus-parkside-east,11,,246,osm
uw-campus-parkside-east,12,,118,osm
uw-campus-parkside-east,13,,81,osm
uw-campus-parkside-east,14,,99,osm
uw-campus-parkside-east,15,,288,osm
uw-campus-parkside-east,16,,260,osm
uw-campus-parkside-east,17,,291,osm
uw-campus-parkside-east,18,,207,osm
valmont-disc-park,1,,210,osm
valmont-disc-park,2,,168,osm
valmont-disc-park,3,,182,osm
valmont-disc-park,4,,157,osm
valmont-disc-park,5,,149,osm
valmont-disc-park,6,,204,osm
valmont-disc-park,7,,179,osm
valmont-disc-park,8,,368,osm
valmont-disc-park,9,,432,osm
valmont-disc-park,10,,299,osm
valmont-disc-park,11,,201,osm
valmont-disc-park,12,,227,osm
valmont-disc-park,13,,214,osm
valmont-disc-park,14,,161,osm
valmont-disc-park,15,,234,osm
valmont-disc-park,16,,238,osm
valmont-disc-park,17,,215,osm
valmont-disc-park,18,,178,osm
johnny-roberts-disc-golf-course,1,,149,osm
johnny-roberts-disc-golf-course,3,,264,osm
johnny-roberts-disc-golf-course,4,,140,osm
johnny-roberts-disc-golf-course,5,,210,osm
johnny-roberts-disc-golf-course,6,,218,osm
johnny-roberts-disc-golf-course,7,,242,osm
johnny-roberts-disc-golf-course,8,,155,osm
johnny-roberts-disc-golf-course,9,,174,osm
johnny-roberts-disc-golf-course,10,,174,osm
johnny-roberts-disc-golf-course,11,,168,osm
johnny-roberts-disc-golf-course,12,,145,osm
johnny-roberts-disc-golf-course,13,,169,osm
johnny-roberts-disc-golf-course,14,,168,osm
johnny-roberts-disc-golf-course,15,,179,osm
johnny-roberts-disc-golf-course,16,,141,osm
johnny-roberts-disc-golf-course,17,,185,osm
johnny-roberts-disc-golf-course,18,,161,osm
kimberly-high-school,1,,266,osm
kimberly-high-school,2,,207,osm
kimberly-high-school,3,,258,osm
kimberly-high-school,4,,200,osm
kimberly-high-school,5,,269,osm
kimberly-high-school,6,,273,osm
kimberly-high-school,7,,340,osm
kimberly-high-school,8,,233,osm
kimberly-high-school,9,,326,osm
sapwi-trails,1,,336,osm
sapwi-trails,2,,346,osm
sapwi-trails,3,,250,osm
sapwi-trails,4,,305,osm
sapwi-trails,6,,198,osm
sapwi-trails,7,,559,osm
sapwi-trails,8,,158,osm
sapwi-trails,9,,276,osm
sapwi-trails,10,,436,osm
sapwi-trails,11,,305,osm
sapwi-trails,12,,496,osm
sapwi-trails,13,,286,osm
sapwi-trails,14,,174,osm
sapwi-trails,15,,246,osm
sapwi-trails,16,,482,osm
sapwi-trails,17,,212,osm
sapwi-trails,18,,215,osm
sapwi-trails,19,,226,osm
indian-rock-rotary-park,1,,341,osm
indian-rock-rotary-park,2,,398,osm
indian-rock-rotary-park,3,,349,osm
indian-rock-rotary-park,4,,239,osm
indian-rock-rotary-park,5,,221,osm
indian-rock-rotary-park,6,,240,osm
indian-rock-rotary-park,7,,266,osm
indian-rock-rotary-park,8,,340,osm
indian-rock-rotary-park,9,,182,osm
indian-rock-rotary-park,10,,201,osm
indian-rock-rotary-park,11,,313,osm
indian-rock-rotary-park,12,,236,osm
indian-rock-rotary-park,13,,257,osm
indian-rock-rotary-park,14,,189,osm
indian-rock-rotary-park,15,,172,osm
indian-rock-rotary-park,16,,244,osm
indian-rock-rotary-park,17,,222,osm
lake-joy-schools,1,3,169,osm
lake-joy-schools,2,3,139,osm
lake-joy-schools,3,3,160,osm
lake-joy-schools,4,3,196,osm
lake-joy-schools,5,3,215,osm
lake-joy-schools,6,3,165,osm
wayfarers-roost-disc-golf-course,1,,440,osm
wayfarers-roost-disc-golf-course,2,,333,osm
wayfarers-roost-disc-golf-course,3,,205,osm
wayfarers-roost-disc-golf-course,4,,278,osm
wayfarers-roost-disc-golf-course,5,,294,osm
wayfarers-roost-disc-golf-course,6,,340,osm
wayfarers-roost-disc-golf-course,7,,318,osm
wayfarers-roost-disc-golf-course,8,,515,osm
wayfarers-roost-disc-golf-course,9,,494,osm
kincaid-park-disc-golf-course,1,3,254,osm
kincaid-park-disc-golf-course,2,,345,osm
kincaid-park-disc-golf-course,3,,460,osm
kincaid-park-disc-golf-course,5,3,382,osm
kincaid-park-disc-golf-course,6,,640,osm
kincaid-park-disc-golf-course,7,4,410,osm
kincaid-park-disc-golf-course,8,3,336,osm
kincaid-park-disc-golf-course,9,,536,osm
kincaid-park-disc-golf-course,10,,668,osm
kincaid-park-disc-golf-course,11,4,455,osm
kincaid-park-disc-golf-course,12,,698,osm
kincaid-park-disc-golf-course,13,,454,osm
kincaid-park-disc-golf-course,14,3,476,osm
kincaid-park-disc-golf-course,15,3,387,osm
kincaid-park-disc-golf-course,16,,426,osm
kincaid-park-disc-golf-course,17,3,362,osm
kincaid-park-disc-golf-course,18,,563,osm
ohio-state-university,2,,194,osm
ohio-state-university,3,,280,osm
ohio-state-university,4,,329,osm
ohio-state-university,5,,209,osm
ohio-state-university,6,,331,osm
ohio-state-university,7,,192,osm
ohio-state-university,8,,299,osm
ohio-state-university,9,,258,osm
ohio-state-university,10,,245,osm
ohio-state-university,11,,313,osm
ohio-state-university,12,,314,osm
ohio-state-university,13,,221,osm
ohio-state-university,14,,249,osm
ohio-state-university,15,,213,osm
ohio-state-university,16,,141,osm
ohio-state-university,17,,173,osm
indian-riffle-park,1,,285,osm
indian-riffle-park,2,,198,osm
indian-riffle-park,3,,251,osm
indian-riffle-park,4,,250,osm
indian-riffle-park,6,,252,osm
indian-riffle-park,7,,307,osm
indian-riffle-park,8,,405,osm
indian-riffle-park,9,,327,osm
indian-riffle-park,10,,371,osm
indian-riffle-park,11,,307,osm
indian-riffle-park,12,,162,osm
indian-riffle-park,13,,365,osm
indian-riffle-park,14,,283,osm
indian-riffle-park,15,,336,osm
indian-riffle-park,16,,289,osm
indian-riffle-park,17,,279,osm
indian-riffle-park,18,,216,osm
marion-park,1,,240,osm
marion-park,2,,216,osm
marion-park,3,,255,osm
marion-park,4,,281,osm
marion-park,5,,232,osm
marion-park,6,,172,osm
marion-park,8,,200,osm
marion-park,9,,188,osm
airport-park-disc-golf-course,1,3,231,osm
airport-park-disc-golf-course,2,3,235,osm
airport-park-disc-golf-course,3,,254,osm
airport-park-disc-golf-course,4,3,275,osm
airport-park-disc-golf-course,5,3,347,osm
airport-park-disc-golf-course,7,3,195,osm
airport-park-disc-golf-course,8,3,206,osm
airport-park-disc-golf-course,9,3,217,osm
chilson-woods-brighton-state-rec-area,1,,300,osm
chilson-woods-brighton-state-rec-area,2,,256,osm
chilson-woods-brighton-state-rec-area,3,,354,osm
chilson-woods-brighton-state-rec-area,4,,286,osm
chilson-woods-brighton-state-rec-area,5,,248,osm
chilson-woods-brighton-state-rec-area,6,,258,osm
chilson-woods-brighton-state-rec-area,7,,238,osm
chilson-woods-brighton-state-rec-area,8,,237,osm
chilson-woods-brighton-state-rec-area,9,,385,osm
kiwanis-park-2,1,,473,osm
kiwanis-park-2,2,,488,osm
kiwanis-park-2,3,,502,osm
kiwanis-park-2,4,,500,osm
kiwanis-park-2,5,,474,osm
kiwanis-park-2,6,,488,osm
texas-tech-disc-golf-course,1,,248,osm
texas-tech-disc-golf-course,2,,249,osm
texas-tech-disc-golf-course,3,,351,osm
texas-tech-disc-golf-course,4,,334,osm
texas-tech-disc-golf-course,5,,261,osm
texas-tech-disc-golf-course,6,,437,osm
texas-tech-disc-golf-course,7,,246,osm
texas-tech-disc-golf-course,8,,307,osm
texas-tech-disc-golf-course,9,,238,osm
hill-city-disc-golf-course,1,,333,osm
hill-city-disc-golf-course,2,,130,osm
hill-city-disc-golf-course,3,,190,osm
hill-city-disc-golf-course,4,,345,osm
hill-city-disc-golf-course,5,,162,osm
hill-city-disc-golf-course,6,,331,osm
hill-city-disc-golf-course,7,,229,osm
hill-city-disc-golf-course,8,,324,osm
hill-city-disc-golf-course,9,,366,osm
willow-creek-park,1,,292,osm
willow-creek-park,2,,260,osm
willow-creek-park,3,,244,osm
willow-creek-park,4,,293,osm
willow-creek-park,5,,373,osm
willow-creek-park,6,,346,osm
willow-creek-park,7,,246,osm
willow-creek-park,8,,226,osm
willow-creek-park,9,,252,osm
tommy-and-sue-brown-park,1,,157,osm
tommy-and-sue-brown-park,2,,191,osm
tommy-and-sue-brown-park,3,,188,osm
tommy-and-sue-brown-park,4,,224,osm
tommy-and-sue-brown-park,5,,262,osm
tommy-and-sue-brown-park,6,,187,osm
city-disc-park,1,,270,osm
city-disc-park,2,,242,osm
city-disc-park,3,,262,osm
city-disc-park,4,,350,osm
city-disc-park,5,,353,osm
city-disc-park,6,,383,osm
city-disc-park,7,,232,osm
city-disc-park,8,,246,osm
city-disc-park,9,,243,osm
eagle-ranch-park,1,,1043,osm
eagle-ranch-park,2,,243,osm
eagle-ranch-park,3,,288,osm
eagle-ranch-park,4,,340,osm
eagle-ranch-park,5,,275,osm
eagle-ranch-park,6,,181,osm
eagle-ranch-park,7,,207,osm
eagle-ranch-park,8,,363,osm
eagle-ranch-park,9,,507,osm
sonora-park-disc-golf-course,1,,346,osm
sonora-park-disc-golf-course,2,,277,osm
sonora-park-disc-golf-course,3,,270,osm
sonora-park-disc-golf-course,4,,177,osm
sonora-park-disc-golf-course,5,,162,osm
sonora-park-disc-golf-course,6,,172,osm
sonora-park-disc-golf-course,7,,219,osm
sonora-park-disc-golf-course,8,,147,osm
sonora-park-disc-golf-course,9,,179,osm
justin-disc-golf-course,1,,251,osm
justin-disc-golf-course,2,,257,osm
justin-disc-golf-course,3,,413,osm
justin-disc-golf-course,4,,263,osm
justin-disc-golf-course,5,,361,osm
justin-disc-golf-course,6,,448,osm
justin-disc-golf-course,7,,271,osm
justin-disc-golf-course,8,,364,osm
justin-disc-golf-course,9,,390,osm
wellington-flower-mound,1,,133,osm
wellington-flower-mound,2,,172,osm
wellington-flower-mound,3,,266,osm
wellington-flower-mound,4,,250,osm
wellington-flower-mound,5,,131,osm
wellington-flower-mound,6,,166,osm
wellington-flower-mound,7,,181,osm
wellington-flower-mound,8,,213,osm
wellington-flower-mound,9,,373,osm
greenbriar-community-center,1,,344,osm
greenbriar-community-center,2,,333,osm
greenbriar-community-center,3,,376,osm
greenbriar-community-center,4,,344,osm
greenbriar-community-center,5,,265,osm
greenbriar-community-center,6,,321,osm
greenbriar-community-center,7,,293,osm
greenbriar-community-center,8,,275,osm
greenbriar-community-center,9,,248,osm
greenbriar-community-center,10,,321,osm
greenbriar-community-center,11,,352,osm
greenbriar-community-center,12,,409,osm
greenbriar-community-center,13,,255,osm
greenbriar-community-center,14,,287,osm
greenbriar-community-center,15,,213,osm
greenbriar-community-center,16,,360,osm
greenbriar-community-center,17,,522,osm
greenbriar-community-center,18,,243,osm
z-boaz-park,1,,221,osm
z-boaz-park,2,,308,osm
z-boaz-park,3,,377,osm
z-boaz-park,4,,582,osm
z-boaz-park,5,,342,osm
z-boaz-park,6,,306,osm
z-boaz-park,7,,322,osm
z-boaz-park,8,,346,osm
z-boaz-park,9,,376,osm
z-boaz-park,10,,299,osm
z-boaz-park,11,,181,osm
z-boaz-park,12,,311,osm
z-boaz-park,13,,217,osm
z-boaz-park,14,,260,osm
z-boaz-park,15,,292,osm
z-boaz-park,16,,363,osm
z-boaz-park,17,,367,osm
z-boaz-park,18,,200,osm
lyons-den,1,,316,osm
lyons-den,2,,337,osm
lyons-den,3,,408,osm
lyons-den,4,,533,osm
lyons-den,5,,322,osm
lyons-den,6,,283,osm
lyons-den,7,,546,osm
lyons-den,8,,289,osm
lyons-den,9,,283,osm
lyons-den,10,,533,osm
lyons-den,11,,461,osm
lyons-den,12,,297,osm
lyons-den,13,,196,osm
lyons-den,14,,310,osm
lyons-den,15,,224,osm
lyons-den,16,,293,osm
lyons-den,17,,758,osm
lyons-den,18,,414,osm
grand-woods-park,1,,341,osm
grand-woods-park,2,,217,osm
grand-woods-park,3,,369,osm
grand-woods-park,4,,289,osm
grand-woods-park,5,,378,osm
grand-woods-park,6,,305,osm
grand-woods-park,7,,278,osm
grand-woods-park,8,,338,osm
grand-woods-park,9,,309,osm
grand-woods-park,10,,349,osm
grand-woods-park,11,,281,osm
grand-woods-park,12,,404,osm
grand-woods-park,13,,252,osm
grand-woods-park,14,,182,osm
grand-woods-park,18,,281,osm
uc-santa-cruz,1,,234,osm
uc-santa-cruz,3,,291,osm
uc-santa-cruz,4,,349,osm
uc-santa-cruz,5,,135,osm
uc-santa-cruz,6,,415,osm
uc-santa-cruz,7,,354,osm
uc-santa-cruz,8,,336,osm
uc-santa-cruz,9,,272,osm
uaf-university-alaska-fairbanks,1,,252,osm
uaf-university-alaska-fairbanks,2,,183,osm
uaf-university-alaska-fairbanks,3,,149,osm
uaf-university-alaska-fairbanks,4,,202,osm
uaf-university-alaska-fairbanks,5,,488,osm
uaf-university-alaska-fairbanks,6,,261,osm
uaf-university-alaska-fairbanks,7,,228,osm
uaf-university-alaska-fairbanks,8,,315,osm
uaf-university-alaska-fairbanks,9,,361,osm
woodlawn-park,1,3,240,osm
woodlawn-park,2,3,368,osm
woodlawn-park,3,3,293,osm
woodlawn-park,4,3,250,osm
woodlawn-park,5,3,187,osm
woodlawn-park,6,3,254,osm
woodlawn-park,7,3,425,osm
woodlawn-park,8,3,293,osm
woodlawn-park,9,3,500,osm
woodlawn-park,10,3,348,osm
woodlawn-park,11,3,207,osm
woodlawn-park,12,3,237,osm
woodlawn-park,13,3,248,osm
woodlawn-park,14,3,312,osm
woodlawn-park,15,3,286,osm
woodlawn-park,16,3,246,osm
woodlawn-park,17,3,222,osm
woodlawn-park,18,3,552,osm
columbus-disc-golf-course-0,1,,324,osm
columbus-disc-golf-course-0,2,,188,osm
columbus-disc-golf-course-0,3,,334,osm
columbus-disc-golf-course-0,4,,521,osm
columbus-disc-golf-course-0,5,,302,osm
columbus-disc-golf-course-0,6,,321,osm
columbus-disc-golf-course-0,7,,483,osm
columbus-disc-golf-course-0,8,,380,osm
columbus-disc-golf-course-0,9,,370,osm
okeeheelee-park,1,3,299,osm
okeeheelee-park,2,3,257,osm
okeeheelee-park,3,3,291,osm
okeeheelee-park,4,3,257,osm
okeeheelee-park,5,3,282,osm
okeeheelee-park,6,3,355,osm
okeeheelee-park,7,3,317,osm
okeeheelee-park,8,3,343,osm
okeeheelee-park,9,3,252,osm
okeeheelee-park,10,3,301,osm
okeeheelee-park,11,4,418,osm
okeeheelee-park,12,3,348,osm
okeeheelee-park,13,3,286,osm
okeeheelee-park,14,3,301,osm
okeeheelee-park,15,3,342,osm
okeeheelee-park,16,3,247,osm
okeeheelee-park,17,3,321,osm
okeeheelee-park,18,4,472,osm
links-wheeler-park,1,,319,osm
links-wheeler-park,2,,341,osm
links-wheeler-park,3,,314,osm
links-wheeler-park,4,,278,osm
links-wheeler-park,5,,235,osm
links-wheeler-park,6,,225,osm
links-wheeler-park,7,,292,osm
links-wheeler-park,8,,192,osm
links-wheeler-park,9,,126,osm
links-wheeler-park,10,,140,osm
links-wheeler-park,11,,259,osm
links-wheeler-park,12,,262,osm
links-wheeler-park,13,,356,osm
links-wheeler-park,14,,291,osm
links-wheeler-park,15,,317,osm
links-wheeler-park,16,,243,osm
links-wheeler-park,17,,276,osm
links-wheeler-park,18,,296,osm
sunriver-homeowners-disc-golf-course,1,,171,osm
sunriver-homeowners-disc-golf-course,2,,263,osm
sunriver-homeowners-disc-golf-course,3,,174,osm
sunriver-homeowners-disc-golf-course,4,,114,osm
sunriver-homeowners-disc-golf-course,5,,90,osm
sunriver-homeowners-disc-golf-course,6,,84,osm
sunriver-homeowners-disc-golf-course,7,,163,osm
sunriver-homeowners-disc-golf-course,8,,186,osm
sunriver-homeowners-disc-golf-course,9,,104,osm
meadow-creek-garden-park,1,,207,osm
meadow-creek-garden-park,2,,225,osm
meadow-creek-garden-park,3,,235,osm
meadow-creek-garden-park,4,,183,osm
meadow-creek-garden-park,5,,223,osm
meadow-creek-garden-park,6,,276,osm
meadow-creek-garden-park,7,,189,osm
meadow-creek-garden-park,8,,396,osm
meadow-creek-garden-park,9,,208,osm
twin-creeks-disc-golf-course-0,1,,494,osm
twin-creeks-disc-golf-course-0,2,,266,osm
twin-creeks-disc-golf-course-0,3,,506,osm
twin-creeks-disc-golf-course-0,4,,461,osm
twin-creeks-disc-golf-course-0,5,,371,osm
twin-creeks-disc-golf-course-0,6,,330,osm
twin-creeks-disc-golf-course-0,7,,285,osm
twin-creeks-disc-golf-course-0,8,,210,osm
twin-creeks-disc-golf-course-0,9,,363,osm
twin-creeks-disc-golf-course-0,10,,225,osm
twin-creeks-disc-golf-course-0,11,,251,osm
twin-creeks-disc-golf-course-0,12,,293,osm
twin-creeks-disc-golf-course-0,13,,311,osm
twin-creeks-disc-golf-course-0,14,,229,osm
twin-creeks-disc-golf-course-0,15,,376,osm
twin-creeks-disc-golf-course-0,16,,496,osm
twin-creeks-disc-golf-course-0,17,,283,osm
twin-creeks-disc-golf-course-0,18,,273,osm
delagoon-disc-golf-course,1,3,309,osm
delagoon-disc-golf-course,2,3,380,osm
delagoon-disc-golf-course,3,3,297,osm
delagoon-disc-golf-course,4,3,366,osm
delagoon-disc-golf-course,5,3,420,osm
delagoon-disc-golf-course,6,3,302,osm
delagoon-disc-golf-course,7,3,319,osm
delagoon-disc-golf-course,8,3,278,osm
delagoon-disc-golf-course,9,3,428,osm
delagoon-disc-golf-course,10,3,364,osm
delagoon-disc-golf-course,11,4,502,osm
delagoon-disc-golf-course,12,3,459,osm
delagoon-disc-golf-course,13,3,302,osm
delagoon-disc-golf-course,14,4,489,osm
delagoon-disc-golf-course,15,3,309,osm
delagoon-disc-golf-course,16,3,466,osm
delagoon-disc-golf-course,17,3,372,osm
delagoon-disc-golf-course,18,3,281,osm
delagoon-disc-golf-course,19,3,218,osm
delagoon-disc-golf-course,20,3,259,osm
delagoon-disc-golf-course,21,3,255,osm
delagoon-disc-golf-course,22,3,265,osm
delagoon-disc-golf-course,23,3,295,osm
delagoon-disc-golf-course,24,3,401,osm
delagoon-disc-golf-course,25,3,265,osm
delagoon-disc-golf-course,27,5,848,osm
lions-park-i,1,,209,osm
lions-park-i,2,,132,osm
lions-park-i,3,,188,osm
lions-park-i,4,,253,osm
lions-park-i,5,,237,osm
lions-park-i,6,,296,osm
lions-park-i,7,,198,osm
lions-park-i,8,,411,osm
lions-park-i,9,,274,osm
lions-park-i,10,,151,osm
lions-park-i,11,,349,osm
lions-park-i,12,,272,osm
lions-park-i,13,,230,osm
lions-park-i,14,,237,osm
lions-park-i,15,,216,osm
lions-park-i,16,,436,osm
lions-park-i,17,,298,osm
lions-park-i,18,,253,osm
legion-park,1,,338,osm
legion-park,2,,289,osm
legion-park,3,,486,osm
legion-park,4,,483,osm
legion-park,5,,274,osm
legion-park,6,,293,osm
legion-park,7,,227,osm
legion-park,8,,233,osm
legion-park,9,,341,osm
legion-park,10,,304,osm
legion-park,11,,244,osm
legion-park,12,,536,osm
legion-park,13,,322,osm
legion-park,14,,491,osm
legion-park,15,,319,osm
legion-park,16,,309,osm
legion-park,17,,229,osm
legion-park,18,,495,osm
suny-geneseo-disc-golf-course,1,,132,osm
suny-geneseo-disc-golf-course,2,,329,osm
suny-geneseo-disc-golf-course,3,,91,osm
suny-geneseo-disc-golf-course,4,,121,osm
suny-geneseo-disc-golf-course,5,,222,osm
suny-geneseo-disc-golf-course,6,,115,osm
suny-geneseo-disc-golf-course,7,,,osm
suny-geneseo-disc-golf-course,8,,160,osm
suny-geneseo-disc-golf-course,9,,161,osm
veterans-park-disc-golf-course,1,,256,osm
veterans-park-disc-golf-course,2,,349,osm
veterans-park-disc-golf-course,3,,243,osm
veterans-park-disc-golf-course,4,,307,osm
veterans-park-disc-golf-course,5,,237,osm
veterans-park-disc-golf-course,6,,243,osm
veterans-park-disc-golf-course,7,,295,osm
veterans-park-disc-golf-course,8,,292,osm
veterans-park-disc-golf-course,9,,157,osm
veterans-park-disc-golf-course,10,,359,osm
veterans-park-disc-golf-course,11,,332,osm
veterans-park-disc-golf-course,12,,210,osm
veterans-park-disc-golf-course,13,,209,osm
veterans-park-disc-golf-course,14,,290,osm
veterans-park-disc-golf-course,15,,556,osm
veterans-park-disc-golf-course,16,,385,osm
veterans-park-disc-golf-course,17,,348,osm
veterans-park-disc-golf-course,18,,231,osm
lake-montebello-youth-disc-golf-course,1,,268,osm
lake-montebello-youth-disc-golf-course,2,,373,osm
lake-montebello-youth-disc-golf-course,3,,427,osm
lake-montebello-youth-disc-golf-course,4,,556,osm
lake-montebello-youth-disc-golf-course,5,,409,osm
lake-montebello-youth-disc-golf-course,6,,480,osm
lake-montebello-youth-disc-golf-course,7,,234,osm
lake-montebello-youth-disc-golf-course,8,,413,osm
lake-montebello-youth-disc-golf-course,9,,439,osm
lake-montebello-youth-disc-golf-course,10,,490,osm
lake-montebello-youth-disc-golf-course,11,,271,osm
lake-montebello-youth-disc-golf-course,12,,626,osm
lake-montebello-youth-disc-golf-course,13,,255,osm
lake-montebello-youth-disc-golf-course,14,,496,osm
lake-montebello-youth-disc-golf-course,15,,540,osm
lake-montebello-youth-disc-golf-course,16,,482,osm
lake-montebello-youth-disc-golf-course,17,,431,osm
lake-montebello-youth-disc-golf-course,18,,254,osm
boyd-pond-park-disc-golf-course,1,,246,osm
boyd-pond-park-disc-golf-course,2,,256,osm
boyd-pond-park-disc-golf-course,3,,242,osm
boyd-pond-park-disc-golf-course,4,,209,osm
boyd-pond-park-disc-golf-course,5,,401,osm
boyd-pond-park-disc-golf-course,6,,253,osm
boyd-pond-park-disc-golf-course,7,,244,osm
boyd-pond-park-disc-golf-course,8,,266,osm
boyd-pond-park-disc-golf-course,9,,236,osm
boyd-pond-park-disc-golf-course,10,,259,osm
boyd-pond-park-disc-golf-course,11,,519,osm
boyd-pond-park-disc-golf-course,12,,398,osm
boyd-pond-park-disc-golf-course,13,,251,osm
boyd-pond-park-disc-golf-course,14,,209,osm
boyd-pond-park-disc-golf-course,15,,272,osm
boyd-pond-park-disc-golf-course,16,,202,osm
boyd-pond-park-disc-golf-course,17,,246,osm
boyd-pond-park-disc-golf-course,18,,354,osm
capital-city-disc-golf-course,1,,319,osm
capital-city-disc-golf-course,2,,501,osm
capital-city-disc-golf-course,3,,259,osm
capital-city-disc-golf-course,4,,379,osm
capital-city-disc-golf-course,5,,366,osm
capital-city-disc-golf-course,6,,275,osm
capital-city-disc-golf-course,7,,195,osm
capital-city-disc-golf-course,8,,552,osm
capital-city-disc-golf-course,9,,364,osm
capital-city-disc-golf-course,10,,555,osm
capital-city-disc-golf-course,11,,284,osm
capital-city-disc-golf-course,12,,575,osm
capital-city-disc-golf-course,13,,320,osm
capital-city-disc-golf-course,14,,592,osm
capital-city-disc-golf-course,15,,322,osm
capital-city-disc-golf-course,16,,305,osm
capital-city-disc-golf-course,17,,398,osm
capital-city-disc-golf-course,18,,441,osm
sam-benn-disc-golf-course,1,,229,osm
sam-benn-disc-golf-course,2,,276,osm
sam-benn-disc-golf-course,3,,334,osm
sam-benn-disc-golf-course,4,,275,osm
sam-benn-disc-golf-course,5,,441,osm
sam-benn-disc-golf-course,6,,265,osm
sam-benn-disc-golf-course,7,,192,osm
sam-benn-disc-golf-course,8,,246,osm
sam-benn-disc-golf-course,9,,158,osm
fergus-falls-community-college,1,3,302,osm
fergus-falls-community-college,2,3,215,osm
fergus-falls-community-college,3,3,279,osm
fergus-falls-community-college,4,3,197,osm
fergus-falls-community-college,5,3,437,osm
fergus-falls-community-college,6,3,242,osm
fergus-falls-community-college,7,3,315,osm
fergus-falls-community-college,8,3,207,osm
fergus-falls-community-college,9,3,299,osm
fergus-falls-community-college,10,3,299,osm
fergus-falls-community-college,11,3,212,osm
fergus-falls-community-college,12,3,298,osm
kress-creek-park-disc-golf-course,1,,303,osm
kress-creek-park-disc-golf-course,2,,255,osm
kress-creek-park-disc-golf-course,3,,263,osm
kress-creek-park-disc-golf-course,4,,344,osm
kress-creek-park-disc-golf-course,5,,254,osm
kress-creek-park-disc-golf-course,6,,275,osm
kress-creek-park-disc-golf-course,7,,329,osm
kress-creek-park-disc-golf-course,8,,501,osm
kress-creek-park-disc-golf-course,9,,267,osm
kress-creek-park-disc-golf-course,10,,233,osm
kress-creek-park-disc-golf-course,11,,182,osm
kress-creek-park-disc-golf-course,12,,436,osm
kress-creek-park-disc-golf-course,13,,219,osm
kress-creek-park-disc-golf-course,14,,216,osm
kress-creek-park-disc-golf-course,15,,170,osm
kress-creek-park-disc-golf-course,16,,548,osm
kress-creek-park-disc-golf-course,17,,534,osm
kress-creek-park-disc-golf-course,18,,315,osm
rivery-park,1,3,159,osm
rivery-park,2,3,92,osm
rivery-park,3,3,213,osm
rivery-park,4,3,314,osm
rivery-park,5,3,301,osm
rivery-park,6,3,357,osm
rivery-park,7,3,194,osm
rivery-park,8,3,269,osm
rivery-park,9,3,210,osm
rivery-park,10,3,140,osm
rivery-park,11,3,527,osm
rivery-park,12,4,315,osm
rivery-park,13,3,239,osm
rivery-park,14,3,243,osm
rivery-park,15,3,226,osm
rivery-park,16,3,315,osm
rivery-park,17,3,224,osm
rivery-park,18,3,262,osm
orchard-park-disc-golf-course,1,3,237,osm
orchard-park-disc-golf-course,2,3,225,osm
orchard-park-disc-golf-course,3,3,232,osm
orchard-park-disc-golf-course,4,3,239,osm
orchard-park-disc-golf-course,5,3,245,osm
orchard-park-disc-golf-course,6,3,200,osm
orchard-park-disc-golf-course,7,3,134,osm
orchard-park-disc-golf-course,8,3,197,osm
orchard-park-disc-golf-course,9,3,229,osm
wick-park-dgc,1,,456,osm
wick-park-dgc,2,,449,osm
wick-park-dgc,3,,479,osm
wick-park-dgc,4,,336,osm
wick-park-dgc,5,,506,osm
wick-park-dgc,6,,389,osm
wick-park-dgc,7,,582,osm
wick-park-dgc,8,,435,osm
wick-park-dgc,9,,534,osm
sharp-springs-disc-golf-course,1,3,356,osm
sharp-springs-disc-golf-course,2,3,463,osm
sharp-springs-disc-golf-course,3,3,166,osm
sharp-springs-disc-golf-course,4,3,507,osm
sharp-springs-disc-golf-course,5,3,305,osm
sharp-springs-disc-golf-course,6,3,419,osm
sharp-springs-disc-golf-course,7,3,322,osm
sharp-springs-disc-golf-course,8,3,321,osm
sharp-springs-disc-golf-course,10,3,324,osm
sharp-springs-disc-golf-course,11,3,402,osm
sharp-springs-disc-golf-course,12,3,231,osm
sharp-springs-disc-golf-course,13,3,336,osm
sharp-springs-disc-golf-course,14,3,314,osm
sharp-springs-disc-golf-course,15,3,278,osm
sharp-springs-disc-golf-course,16,3,299,osm
sharp-springs-disc-golf-course,17,3,332,osm
sharp-springs-disc-golf-course,18,3,344,osm
creekside-park-disc-golf-course,1,3,345,osm
creekside-park-disc-golf-course,2,3,302,osm
creekside-park-disc-golf-course,3,3,393,osm
creekside-park-disc-golf-course,4,4,416,osm
creekside-park-disc-golf-course,5,3,289,osm
creekside-park-disc-golf-course,6,3,313,osm
creekside-park-disc-golf-course,7,3,327,osm
creekside-park-disc-golf-course,8,3,319,osm
creekside-park-disc-golf-course,9,3,206,osm
creekside-park-disc-golf-course,10,3,204,osm
creekside-park-disc-golf-course,11,3,260,osm
creekside-park-disc-golf-course,12,3,293,osm
creekside-park-disc-golf-course,13,3,202,osm
creekside-park-disc-golf-course,14,3,211,osm
creekside-park-disc-golf-course,15,3,151,osm
creekside-park-disc-golf-course,16,3,271,osm
creekside-park-disc-golf-course,17,3,251,osm
creekside-park-disc-golf-course,18,3,375,osm
cactus-flats,1,3,177,osm
cactus-flats,2,3,296,osm
cactus-flats,3,3,259,osm
cactus-flats,4,3,269,osm
cactus-flats,5,3,231,osm
cactus-flats,6,3,311,osm
cactus-flats,7,3,388,osm
cactus-flats,8,3,310,osm
cactus-flats,9,3,258,osm
cactus-flats,10,3,355,osm
cactus-flats,11,3,284,osm
cactus-flats,12,3,272,osm
cactus-flats,13,3,415,osm
cactus-flats,14,3,315,osm
cactus-flats,15,3,270,osm
cactus-flats,16,3,268,osm
cactus-flats,17,3,347,osm
cactus-flats,18,3,271,osm
lakeview-park-dgc,1,3,181,osm
lakeview-park-dgc,2,3,244,osm
lakeview-park-dgc,3,3,176,osm
lakeview-park-dgc,4,3,204,osm
lakeview-park-dgc,5,3,217,osm
lakeview-park-dgc,6,3,174,osm
lakeview-park-dgc,7,3,216,osm
lakeview-park-dgc,8,3,181,osm
lakeview-park-dgc,9,3,236,osm
winnebago-county-park-yellow,1,3,443,osm
winnebago-county-park-yellow,2,3,259,osm
winnebago-county-park-yellow,3,3,469,osm
winnebago-county-park-yellow,4,3,333,osm
winnebago-county-park-yellow,5,3,192,osm
winnebago-county-park-yellow,6,3,386,osm
winnebago-county-park-yellow,7,4,518,osm
winnebago-county-park-yellow,8,3,272,osm
winnebago-county-park-yellow,9,3,366,osm
winnebago-county-park-yellow,10,3,286,osm
winnebago-county-park-yellow,11,3,341,osm
winnebago-county-park-yellow,12,3,440,osm
winnebago-county-park-yellow,13,3,390,osm
winnebago-county-park-yellow,14,3,339,osm
winnebago-county-park-yellow,15,4,551,osm
winnebago-county-park-yellow,16,4,660,osm
winnebago-county-park-yellow,17,4,557,osm
blazer-dgc,1,,279,osm
blazer-dgc,2,,273,osm
blazer-dgc,3,,418,osm
blazer-dgc,4,,208,osm
blazer-dgc,5,,191,osm
blazer-dgc,6,,306,osm
blazer-dgc,7,3,230,osm
blazer-dgc,8,3,202,osm
blazer-dgc,9,,259,osm
daly-county-park-disc-golf-course,1,3,275,osm
daly-county-park-disc-golf-course,2,3,208,osm
daly-county-park-disc-golf-course,3,3,185,osm
daly-county-park-disc-golf-course,4,4,371,osm
daly-county-park-disc-golf-course,5,3,241,osm
daly-county-park-disc-golf-course,6,5,479,osm
daly-county-park-disc-golf-course,7,3,304,osm
daly-county-park-disc-golf-course,8,3,168,osm
daly-county-park-disc-golf-course,9,5,357,osm
westover-park,1,,388,osm
westover-park,2,,205,osm
westover-park,3,,240,osm
westover-park,4,,201,osm
westover-park,5,,258,osm
westover-park,6,,194,osm
westover-park,7,,239,osm
westover-park,8,,347,osm
westover-park,9,,220,osm
westover-park,10,,250,osm
westover-park,11,,334,osm
westover-park,12,,298,osm
westover-park,13,,352,osm
westover-park,14,,246,osm
westover-park,15,,264,osm
westover-park,16,,211,osm
westover-park,17,,233,osm
westover-park,18,,410,osm
westover-park,19,,322,osm
westover-park,20,,268,osm
westover-park,21,,442,osm
university-park,1,,310,osm
university-park,2,,216,osm
university-park,3,,203,osm
university-park,4,,214,osm
university-park,5,,336,osm
university-park,6,,276,osm
university-park,7,,254,osm
university-park,8,,192,osm
university-park,9,,261,osm
poplar-hall-9,1,3,190,osm
poplar-hall-9,2,3,216,osm
poplar-hall-9,3,3,200,osm
poplar-hall-9,4,3,257,osm
poplar-hall-9,5,3,263,osm
poplar-hall-9,6,3,243,osm
poplar-hall-9,7,3,248,osm
poplar-hall-9,8,3,247,osm
poplar-hall-9,9,3,243,osm
new-quarter-park,1,3,260,osm
new-quarter-park,2,3,281,osm
new-quarter-park,3,3,419,osm
new-quarter-park,4,3,275,osm
new-quarter-park,5,3,340,osm
new-quarter-park,6,3,350,osm
new-quarter-park,7,3,306,osm
new-quarter-park,8,3,178,osm
new-quarter-park,9,3,209,osm
new-quarter-park,10,3,247,osm
new-quarter-park,11,3,280,osm
new-quarter-park,12,3,282,osm
new-quarter-park,13,3,336,osm
new-quarter-park,14,3,253,osm
new-quarter-park,15,3,318,osm
new-quarter-park,16,3,297,osm
new-quarter-park,17,3,255,osm
newport-news-disc-golf-course,1,3,265,osm
newport-news-disc-golf-course,2,3,381,osm
newport-news-disc-golf-course,3,3,218,osm
newport-news-disc-golf-course,4,3,205,osm
newport-news-disc-golf-course,5,3,190,osm
newport-news-disc-golf-course,6,3,271,osm
newport-news-disc-golf-course,7,3,230,osm
newport-news-disc-golf-course,8,3,174,osm
newport-news-disc-golf-course,9,3,250,osm
newport-news-disc-golf-course,10,3,188,osm
newport-news-disc-golf-course,11,3,222,osm
newport-news-disc-golf-course,12,3,321,osm
newport-news-disc-golf-course,13,3,213,osm
newport-news-disc-golf-course,14,3,203,osm
newport-news-disc-golf-course,15,3,204,osm
newport-news-disc-golf-course,16,3,185,osm
newport-news-disc-golf-course,17,3,272,osm
newport-news-disc-golf-course,18,3,213,osm
bennetts-creek-park,1,,176,osm
bennetts-creek-park,2,,231,osm
bennetts-creek-park,3,,242,osm
bennetts-creek-park,4,,214,osm
bennetts-creek-park,5,,221,osm
bennetts-creek-park,6,,166,osm
bennetts-creek-park,7,,196,osm
bennetts-creek-park,8,,226,osm
bennetts-creek-park,9,,269,osm
bennetts-creek-park,10,,751,osm
bennetts-creek-park,11,,300,osm
bennetts-creek-park,12,,149,osm
bennetts-creek-park,13,,160,osm
bennetts-creek-park,14,,177,osm
bennetts-creek-park,15,,178,osm
bennetts-creek-park,16,,287,osm
bennetts-creek-park,17,,244,osm
bennetts-creek-park,18,,176,osm
waller-mill-park-disc-golf-course,1,,277,osm
waller-mill-park-disc-golf-course,2,,322,osm
waller-mill-park-disc-golf-course,3,,276,osm
waller-mill-park-disc-golf-course,4,,330,osm
waller-mill-park-disc-golf-course,5,,341,osm
waller-mill-park-disc-golf-course,6,,312,osm
waller-mill-park-disc-golf-course,7,,269,osm
waller-mill-park-disc-golf-course,8,,236,osm
waller-mill-park-disc-golf-course,9,,154,osm
waller-mill-park-disc-golf-course,10,,216,osm
waller-mill-park-disc-golf-course,11,,185,osm
waller-mill-park-disc-golf-course,12,,257,osm
waller-mill-park-disc-golf-course,13,,363,osm
waller-mill-park-disc-golf-course,14,,234,osm
waller-mill-park-disc-golf-course,15,,323,osm
waller-mill-park-disc-golf-course,16,,263,osm
waller-mill-park-disc-golf-course,17,,231,osm
waller-mill-park-disc-golf-course,18,,298,osm
hampton-9-disc-golf-course-0,1,,175,osm
hampton-9-disc-golf-course-0,2,,159,osm
hampton-9-disc-golf-course-0,3,,195,osm
hampton-9-disc-golf-course-0,4,,229,osm
hampton-9-disc-golf-course-0,5,,222,osm
hampton-9-disc-golf-course-0,6,,213,osm
hampton-9-disc-golf-course-0,7,,255,osm
hampton-9-disc-golf-course-0,8,,220,osm
hampton-9-disc-golf-course-0,9,,290,osm
slate-canyon-disc-golf-course,1,,300,osm
slate-canyon-disc-golf-course,2,,322,osm
slate-canyon-disc-golf-course,3,,244,osm
slate-canyon-disc-golf-course,4,,254,osm
slate-canyon-disc-golf-course,5,,266,osm
slate-canyon-disc-golf-course,6,,352,osm
slate-canyon-disc-golf-course,7,,239,osm
slate-canyon-disc-golf-course,8,,238,osm
slate-canyon-disc-golf-course,9,,197,osm
slate-canyon-disc-golf-course,10,,371,osm
slate-canyon-disc-golf-course,11,,350,osm
slate-canyon-disc-golf-course,12,,230,osm
slate-canyon-disc-golf-course,13,,259,osm
slate-canyon-disc-golf-course,14,,432,osm
slate-canyon-disc-golf-course,15,,361,osm
slate-canyon-disc-golf-course,16,,301,osm
slate-canyon-disc-golf-course,17,,285,osm
slate-canyon-disc-golf-course,18,,364,osm
bicentennial-park,1,,278,osm
bicentennial-park,2,,299,osm
bicentennial-park,4,,413,osm
bicentennial-park,5,,321,osm
odell-weeks-park,1,,300,osm
odell-weeks-park,2,,350,osm
odell-weeks-park,3,,328,osm
odell-weeks-park,4,,281,osm
odell-weeks-park,5,,260,osm
odell-weeks-park,6,,272,osm
odell-weeks-park,7,,220,osm
odell-weeks-park,8,,255,osm
odell-weeks-park,9,,321,osm
goblin-valley-state-park,1,,218,osm
goblin-valley-state-park,2,,243,osm
goblin-valley-state-park,3,,295,osm
goblin-valley-state-park,4,,437,osm
goblin-valley-state-park,5,,122,osm
goblin-valley-state-park,6,,191,osm
goblin-valley-state-park,7,,289,osm
goblin-valley-state-park,8,,204,osm
goblin-valley-state-park,9,,152,osm
goblin-valley-state-park,10,,541,osm
goblin-valley-state-park,11,,283,osm
goblin-valley-state-park,12,,480,osm
goblin-valley-state-park,13,,525,osm
goblin-valley-state-park,14,,203,osm
goblin-valley-state-park,15,,347,osm
goblin-valley-state-park,16,,430,osm
goblin-valley-state-park,17,,308,osm
goblin-valley-state-park,18,,547,osm
williston-pond-disc-golf-course,1,3,343,osm
williston-pond-disc-golf-course,2,3,293,osm
williston-pond-disc-golf-course,3,3,116,osm
williston-pond-disc-golf-course,4,3,208,osm
williston-pond-disc-golf-course,5,3,233,osm
williston-pond-disc-golf-course,6,3,196,osm
williston-pond-disc-golf-course,7,3,218,osm
williston-pond-disc-golf-course,8,3,219,osm
williston-pond-disc-golf-course,9,3,185,osm
williston-pond-disc-golf-course,10,3,212,osm
williston-pond-disc-golf-course,11,3,146,osm
williston-pond-disc-golf-course,12,3,168,osm
williston-pond-disc-golf-course,13,3,160,osm
williston-pond-disc-golf-course,14,3,230,osm
williston-pond-disc-golf-course,15,3,224,osm
williston-pond-disc-golf-course,16,3,175,osm
williston-pond-disc-golf-course,17,3,156,osm
williston-pond-disc-golf-course,18,3,314,osm
halpatiokee-disc-golf-course,1,,333,osm
halpatiokee-disc-golf-course,2,,319,osm
halpatiokee-disc-golf-course,4,,322,osm
halpatiokee-disc-golf-course,5,,225,osm
halpatiokee-disc-golf-course,6,,326,osm
halpatiokee-disc-golf-course,7,,292,osm
halpatiokee-disc-golf-course,8,,328,osm
halpatiokee-disc-golf-course,9,,215,osm
halpatiokee-disc-golf-course,10,,313,osm
halpatiokee-disc-golf-course,11,,230,osm
halpatiokee-disc-golf-course,12,,226,osm
halpatiokee-disc-golf-course,13,,191,osm
halpatiokee-disc-golf-course,14,,251,osm
halpatiokee-disc-golf-course,15,,188,osm
halpatiokee-disc-golf-course,16,,222,osm
halpatiokee-disc-golf-course,17,,246,osm
halpatiokee-disc-golf-course,18,,319,osm
bryan-park,1,,307,osm
bryan-park,2,,318,osm
bryan-park,3,,438,osm
bryan-park,4,,522,osm
bryan-park,5,,274,osm
bryan-park,6,,353,osm
bryan-park,7,,246,osm
bryan-park,8,,585,osm
bryan-park,9,,447,osm
bryan-park,10,,329,osm
bryan-park,11,,638,osm
bryan-park,12,,261,osm
bryan-park,13,,341,osm
bryan-park,14,,536,osm
bryan-park,15,,263,osm
bryan-park,16,,234,osm
bryan-park,17,,463,osm
bryan-park,18,,242,osm
douglas-park,1,3,178,osm
douglas-park,2,3,227,osm
douglas-park,3,3,215,osm
douglas-park,4,3,345,osm
douglas-park,5,3,201,osm
douglas-park,6,4,248,osm
douglas-park,7,3,268,osm
douglas-park,8,3,258,osm
douglas-park,9,3,304,osm
douglas-park,10,3,230,osm
douglas-park,11,3,277,osm
douglas-park,12,3,196,osm
douglas-park,13,3,183,osm
douglas-park,14,3,239,osm
douglas-park,15,3,321,osm
douglas-park,16,3,203,osm
douglas-park,17,3,273,osm
douglas-park,18,3,221,osm
greenbelt-park,1,,379,osm
greenbelt-park,2,,325,osm
greenbelt-park,3,,331,osm
greenbelt-park,4,,233,osm
greenbelt-park,5,,298,osm
greenbelt-park,6,,329,osm
greenbelt-park,7,,328,osm
greenbelt-park,8,,252,osm
greenbelt-park,9,,383,osm
greenbelt-park,10,,230,osm
greenbelt-park,11,,325,osm
greenbelt-park,12,,435,osm
greenbelt-park,13,,368,osm
greenbelt-park,14,,281,osm
greenbelt-park,15,,299,osm
greenbelt-park,16,,322,osm
greenbelt-park,17,,613,osm
greenbelt-park,18,,344,osm
james-lawless-park,1,,260,osm
james-lawless-park,2,,261,osm
james-lawless-park,3,,255,osm
james-lawless-park,4,,311,osm
james-lawless-park,5,,248,osm
james-lawless-park,6,,199,osm
james-lawless-park,7,,418,osm
james-lawless-park,8,,262,osm
james-lawless-park,10,,286,osm
james-lawless-park,11,,275,osm
james-lawless-park,12,,347,osm
james-lawless-park,13,,355,osm
james-lawless-park,14,,238,osm
james-lawless-park,16,,340,osm
james-lawless-park,17,,205,osm
big-cross-disc-golf-course,1,,333,osm
big-cross-disc-golf-course,2,,294,osm
big-cross-disc-golf-course,3,,325,osm
big-cross-disc-golf-course,4,,294,osm
big-cross-disc-golf-course,5,,283,osm
big-cross-disc-golf-course,6,,593,osm
big-cross-disc-golf-course,7,,243,osm
big-cross-disc-golf-course,8,,223,osm
big-cross-disc-golf-course,9,,536,osm
big-cross-disc-golf-course,10,,321,osm
big-cross-disc-golf-course,11,,357,osm
big-cross-disc-golf-course,12,,304,osm
big-cross-disc-golf-course,13,,463,osm
big-cross-disc-golf-course,14,,269,osm
big-cross-disc-golf-course,15,,424,osm
big-cross-disc-golf-course,16,,250,osm
big-cross-disc-golf-course,17,,560,osm
big-cross-disc-golf-course,18,,354,osm
north-central-park,1,,203,osm
north-central-park,2,,223,osm
north-central-park,3,,236,osm
north-central-park,4,,192,osm
north-central-park,5,,304,osm
north-central-park,6,,236,osm
north-central-park,7,,281,osm
north-central-park,8,,339,osm
north-central-park,9,,189,osm
north-central-park,10,,178,osm
north-central-park,11,,373,osm
north-central-park,12,,326,osm
north-central-park,13,,398,osm
north-central-park,14,,528,osm
north-central-park,15,,465,osm
north-central-park,16,,301,osm
north-central-park,17,,231,osm
north-central-park,18,,290,osm
brookwood-park,1,3,250,osm
brookwood-park,2,3,364,osm
brookwood-park,3,,269,osm
brookwood-park,4,3,284,osm
brookwood-park,5,,432,osm
brookwood-park,6,3,382,osm
brookwood-park,7,,327,osm
brookwood-park,8,,252,osm
brookwood-park,9,3,358,osm
colorado-mesa-university-dgc,1,,,osm
colorado-mesa-university-dgc,2,,241,osm
colorado-mesa-university-dgc,3,,205,osm
colorado-mesa-university-dgc,4,,152,osm
colorado-mesa-university-dgc,5,,383,osm
colorado-mesa-university-dgc,6,,161,osm
colorado-mesa-university-dgc,7,,170,osm
colorado-mesa-university-dgc,8,,132,osm
colorado-mesa-university-dgc,9,,134,osm
colorado-mesa-university-dgc,10,,139,osm
colorado-mesa-university-dgc,11,,148,osm
colorado-mesa-university-dgc,12,,175,osm
colorado-mesa-university-dgc,13,,157,osm
colorado-mesa-university-dgc,14,,166,osm
colorado-mesa-university-dgc,15,,242,osm
colorado-mesa-university-dgc,16,,209,osm
colorado-mesa-university-dgc,17,,171,osm
colorado-mesa-university-dgc,18,,143,osm
foote-park,1,,445,osm
foote-park,2,,277,osm
foote-park,3,,292,osm
foote-park,4,,678,osm
foote-park,5,,367,osm
foote-park,6,,472,osm
foote-park,7,,195,osm
foote-park,8,,216,osm
afton-alps,1,,294,osm
afton-alps,2,,480,osm
afton-alps,3,,353,osm
afton-alps,4,,293,osm
afton-alps,5,,338,osm
afton-alps,6,,289,osm
afton-alps,7,,664,osm
afton-alps,8,,441,osm
afton-alps,9,,252,osm
afton-alps,10,,301,osm
afton-alps,11,,354,osm
afton-alps,12,,227,osm
afton-alps,13,,278,osm
afton-alps,14,,254,osm
afton-alps,15,,280,osm
afton-alps,16,,471,osm
afton-alps,17,,149,osm
afton-alps,18,,396,osm
pga-national-park,1,,208,osm
pga-national-park,2,,356,osm
pga-national-park,3,,272,osm
pga-national-park,4,,259,osm
pga-national-park,5,,249,osm
pga-national-park,6,,240,osm
pga-national-park,7,,289,osm
pga-national-park,8,,232,osm
pga-national-park,9,,263,osm
pga-national-park,10,,264,osm
pga-national-park,11,,192,osm
pga-national-park,13,,300,osm
pga-national-park,14,,296,osm
pga-national-park,15,,246,osm
pga-national-park,16,,323,osm
pga-national-park,17,,415,osm
pga-national-park,18,,276,osm
west-delray-regional-park,3,3,242,osm
west-delray-regional-park,4,3,253,osm
west-delray-regional-park,5,3,305,osm
west-delray-regional-park,6,3,334,osm
west-delray-regional-park,7,4,451,osm
west-delray-regional-park,8,4,472,osm
west-delray-regional-park,9,4,546,osm
west-delray-regional-park,10,3,322,osm
west-delray-regional-park,11,4,702,osm
west-delray-regional-park,12,3,305,osm
west-delray-regional-park,13,4,552,osm
west-delray-regional-park,14,3,270,osm
west-delray-regional-park,15,3,246,osm
west-delray-regional-park,16,3,212,osm
west-delray-regional-park,17,5,635,osm
west-delray-regional-park,18,3,267,osm
blue-lake-disc-golf,1,4,603,osm
blue-lake-disc-golf,2,3,410,osm
blue-lake-disc-golf,3,4,551,osm
blue-lake-disc-golf,4,3,298,osm
blue-lake-disc-golf,5,4,640,osm
blue-lake-disc-golf,6,3,222,osm
blue-lake-disc-golf,7,5,806,osm
blue-lake-disc-golf,9,4,511,osm
blue-lake-disc-golf,10,3,309,osm
blue-lake-disc-golf,11,4,696,osm
blue-lake-disc-golf,12,,329,osm
blue-lake-disc-golf,13,4,656,osm
blue-lake-disc-golf,14,5,898,osm
blue-lake-disc-golf,15,4,808,osm
blue-lake-disc-golf,16,4,764,osm
blue-lake-disc-golf,17,5,425,osm
blue-lake-disc-golf,18,4,383,osm
ryan-ranch-disc-golf-course,1,,344,osm
ryan-ranch-disc-golf-course,2,,258,osm
ryan-ranch-disc-golf-course,3,,383,osm
ryan-ranch-disc-golf-course,4,,184,osm
ryan-ranch-disc-golf-course,5,,275,osm
ryan-ranch-disc-golf-course,6,,273,osm
ryan-ranch-disc-golf-course,7,,410,osm
ryan-ranch-disc-golf-course,8,,335,osm
ryan-ranch-disc-golf-course,9,,346,osm
ryan-ranch-disc-golf-course,10,,416,osm
ryan-ranch-disc-golf-course,11,,272,osm
ryan-ranch-disc-golf-course,12,,289,osm
ryan-ranch-disc-golf-course,13,,280,osm
ryan-ranch-disc-golf-course,14,,332,osm
ryan-ranch-disc-golf-course,15,,335,osm
ryan-ranch-disc-golf-course,16,,388,osm
ryan-ranch-disc-golf-course,17,,135,osm
ryan-ranch-disc-golf-course,18,,440,osm
ryan-ranch-disc-golf-course,19,,406,osm
ryan-ranch-disc-golf-course,20,,577,osm
ryan-ranch-disc-golf-course,21,,464,osm
ryan-ranch-disc-golf-course,22,,428,osm
ryan-ranch-disc-golf-course,23,,305,osm
ryan-ranch-disc-golf-course,24,,445,osm
ryan-ranch-disc-golf-course,25,,388,osm
ryan-ranch-disc-golf-course,26,,438,osm
ryan-ranch-disc-golf-course,27,,361,osm
bergen-disc-golf-hartland-park,1,,315,osm
bergen-disc-golf-hartland-park,2,,162,osm
bergen-disc-golf-hartland-park,3,,370,osm
bergen-disc-golf-hartland-park,4,,266,osm
bergen-disc-golf-hartland-park,5,,323,osm
bergen-disc-golf-hartland-park,6,,215,osm
bergen-disc-golf-hartland-park,7,,192,osm
bergen-disc-golf-hartland-park,8,,262,osm
bergen-disc-golf-hartland-park,9,,213,osm
macatawa-greenspace,1,3,356,osm
macatawa-greenspace,2,4,611,osm
macatawa-greenspace,3,3,210,osm
macatawa-greenspace,4,3,354,osm
macatawa-greenspace,5,3,388,osm
macatawa-greenspace,6,3,299,osm
macatawa-greenspace,7,3,349,osm
macatawa-greenspace,8,4,557,osm
macatawa-greenspace,9,3,427,osm
macatawa-greenspace,10,3,256,osm
macatawa-greenspace,11,4,536,osm
macatawa-greenspace,12,3,336,osm
macatawa-greenspace,13,3,349,osm
macatawa-greenspace,14,3,291,osm
macatawa-greenspace,15,3,259,osm
macatawa-greenspace,16,3,411,osm
macatawa-greenspace,17,3,285,osm
macatawa-greenspace,18,3,271,osm
horizon-park,1,3,182,osm
horizon-park,2,3,191,osm
horizon-park,3,3,165,osm
horizon-park,4,3,173,osm
horizon-park,5,3,184,osm
horizon-park,6,3,203,osm
horizon-park,7,3,127,osm
horizon-park,8,3,241,osm
horizon-park,9,3,262,osm
trailside-park,1,,290,osm
trailside-park,2,,295,osm
trailside-park,3,,311,osm
trailside-park,4,,446,osm
trailside-park,5,,361,osm
trailside-park,6,,175,osm
trailside-park,7,,261,osm
trailside-park,8,,585,osm
trailside-park,9,,301,osm
camp-catalpa-disc-golf-course,1,3,352,osm
camp-catalpa-disc-golf-course,2,3,298,osm
camp-catalpa-disc-golf-course,3,3,171,osm
camp-catalpa-disc-golf-course,4,3,212,osm
camp-catalpa-disc-golf-course,5,3,400,osm
camp-catalpa-disc-golf-course,6,3,319,osm
camp-catalpa-disc-golf-course,7,4,554,osm
camp-catalpa-disc-golf-course,8,3,338,osm
camp-catalpa-disc-golf-course,9,3,265,osm
camp-catalpa-disc-golf-course,10,3,155,osm
camp-catalpa-disc-golf-course,11,3,296,osm
camp-catalpa-disc-golf-course,12,3,218,osm
camp-catalpa-disc-golf-course,13,4,523,osm
camp-catalpa-disc-golf-course,14,3,182,osm
camp-catalpa-disc-golf-course,15,4,335,osm
camp-catalpa-disc-golf-course,16,3,209,osm
camp-catalpa-disc-golf-course,17,3,357,osm
camp-catalpa-disc-golf-course,18,3,322,osm
willow-stream-park,1,,401,osm
willow-stream-park,2,,307,osm
willow-stream-park,3,,212,osm
willow-stream-park,4,,319,osm
willow-stream-park,5,,178,osm
willow-stream-park,6,,185,osm
willow-stream-park,8,,301,osm
willow-stream-park,9,,197,osm
firefighters-memorial-park,1,3,323,osm
firefighters-memorial-park,2,3,258,osm
firefighters-memorial-park,3,3,357,osm
firefighters-memorial-park,4,3,279,osm
firefighters-memorial-park,5,3,268,osm
firefighters-memorial-park,6,3,297,osm
firefighters-memorial-park,7,3,381,osm
firefighters-memorial-park,8,3,415,osm
firefighters-memorial-park,9,3,199,osm
pageant-hill,1,,235,osm
pageant-hill,2,,215,osm
pageant-hill,3,,199,osm
pageant-hill,4,,240,osm
pageant-hill,5,,200,osm
pageant-hill,6,,236,osm
pageant-hill,7,,261,osm
pageant-hill,8,,276,osm
pageant-hill,9,,168,osm
pageant-hill,10,,276,osm
pageant-hill,11,,258,osm
pageant-hill,12,,270,osm
pageant-hill,13,,192,osm
pageant-hill,14,,257,osm
pageant-hill,15,,328,osm
pageant-hill,16,,439,osm
pageant-hill,17,,160,osm
pageant-hill,18,,283,osm
narrows-disc-golf-course,1,,293,osm
narrows-disc-golf-course,2,3,331,osm
narrows-disc-golf-course,3,3,258,osm
narrows-disc-golf-course,4,3,361,osm
narrows-disc-golf-course,5,,301,osm
narrows-disc-golf-course,6,3,287,osm
narrows-disc-golf-course,7,,305,osm
narrows-disc-golf-course,8,3,277,osm
narrows-disc-golf-course,9,3,448,osm
narrows-disc-golf-course,10,3,421,osm
narrows-disc-golf-course,11,3,272,osm
narrows-disc-golf-course,12,3,357,osm
narrows-disc-golf-course,13,3,275,osm
narrows-disc-golf-course,14,3,291,osm
narrows-disc-golf-course,15,3,315,osm
narrows-disc-golf-course,16,3,330,osm
narrows-disc-golf-course,17,3,330,osm
narrows-disc-golf-course,18,,316,osm
clarks-grove-disc-golf-course,1,,258,osm
clarks-grove-disc-golf-course,2,,255,osm
clarks-grove-disc-golf-course,3,,243,osm
clarks-grove-disc-golf-course,4,,511,osm
clarks-grove-disc-golf-course,5,,220,osm
clarks-grove-disc-golf-course,6,,239,osm
clarks-grove-disc-golf-course,7,,276,osm
clarks-grove-disc-golf-course,8,,371,osm
clarks-grove-disc-golf-course,9,,174,osm
tall-timbers-disc-golf-course,1,,278,osm
tall-timbers-disc-golf-course,2,,207,osm
tall-timbers-disc-golf-course,3,,274,osm
tall-timbers-disc-golf-course,4,,271,osm
tall-timbers-disc-golf-course,5,,205,osm
tall-timbers-disc-golf-course,6,,221,osm
tall-timbers-disc-golf-course,7,,317,osm
tall-timbers-disc-golf-course,8,,315,osm
tall-timbers-disc-golf-course,9,,239,osm
maryknoll-disc-golf-course,1,,295,osm
maryknoll-disc-golf-course,2,,290,osm
maryknoll-disc-golf-course,3,,306,osm
maryknoll-disc-golf-course,4,,233,osm
maryknoll-disc-golf-course,5,,272,osm
maryknoll-disc-golf-course,6,,336,osm
maryknoll-disc-golf-course,7,,188,osm
maryknoll-disc-golf-course,8,,305,osm
maryknoll-disc-golf-course,9,,381,osm
knoch-knolls-park,1,,201,osm
knoch-knolls-park,2,,272,osm
knoch-knolls-park,3,,274,osm
knoch-knolls-park,4,,247,osm
knoch-knolls-park,5,,277,osm
knoch-knolls-park,6,,197,osm
knoch-knolls-park,7,,295,osm
knoch-knolls-park,8,,206,osm
knoch-knolls-park,9,,309,osm
knoch-knolls-park,10,,463,osm
knoch-knolls-park,11,,314,osm
knoch-knolls-park,12,,267,osm
knoch-knolls-park,13,,221,osm
knoch-knolls-park,14,,491,osm
knoch-knolls-park,15,,253,osm
knoch-knolls-park,16,,302,osm
knoch-knolls-park,17,,258,osm
knoch-knolls-park,18,,318,osm
sticky-pines-disc-golf-course,1,,292,osm
sticky-pines-disc-golf-course,2,,253,osm
sticky-pines-disc-golf-course,3,,386,osm
sticky-pines-disc-golf-course,4,,225,osm
sticky-pines-disc-golf-course,5,,658,osm
sticky-pines-disc-golf-course,6,,288,osm
sticky-pines-disc-golf-course,7,,290,osm
sticky-pines-disc-golf-course,8,,274,osm
sticky-pines-disc-golf-course,9,,250,osm
sticky-pines-disc-golf-course,13,,208,osm
sticky-pines-disc-golf-course,14,,282,osm
sticky-pines-disc-golf-course,15,,357,osm
sticky-pines-disc-golf-course,16,,233,osm
sticky-pines-disc-golf-course,17,,380,osm
sticky-pines-disc-golf-course,18,,288,osm
harry-myers-disc-golf-course,1,,483,osm
harry-myers-disc-golf-course,2,,314,osm
harry-myers-disc-golf-course,3,,324,osm
harry-myers-disc-golf-course,4,,325,osm
harry-myers-disc-golf-course,5,,264,osm
harry-myers-disc-golf-course,6,,331,osm
harry-myers-disc-golf-course,7,,341,osm
harry-myers-disc-golf-course,8,,851,osm
harry-myers-disc-golf-course,9,,489,osm
harry-myers-disc-golf-course,10,,260,osm
harry-myers-disc-golf-course,11,,675,osm
harry-myers-disc-golf-course,12,,544,osm
harry-myers-disc-golf-course,13,,312,osm
harry-myers-disc-golf-course,14,,242,osm
harry-myers-disc-golf-course,15,,773,osm
harry-myers-disc-golf-course,16,,280,osm
harry-myers-disc-golf-course,17,,911,osm
harry-myers-disc-golf-course,18,,314,osm
downriver-disc-golf-course,1,,434,osm
downriver-disc-golf-course,2,,475,osm
downriver-disc-golf-course,3,,280,osm
downriver-disc-golf-course,4,,273,osm
downriver-disc-golf-course,5,,352,osm
downriver-disc-golf-course,6,,146,osm
downriver-disc-golf-course,7,,218,osm
downriver-disc-golf-course,8,,316,osm
downriver-disc-golf-course,9,,368,osm
downriver-disc-golf-course,10,,484,osm
downriver-disc-golf-course,11,,335,osm
downriver-disc-golf-course,12,,236,osm
downriver-disc-golf-course,13,,324,osm
downriver-disc-golf-course,14,,442,osm
downriver-disc-golf-course,15,,410,osm
downriver-disc-golf-course,16,,277,osm
downriver-disc-golf-course,17,,359,osm
downriver-disc-golf-course,18,,460,osm
oak-grove-regional-park-gold,1,,241,osm
oak-grove-regional-park-gold,2,,246,osm
oak-grove-regional-park-gold,3,,425,osm
oak-grove-regional-park-gold,4,,273,osm
oak-grove-regional-park-gold,5,,354,osm
oak-grove-regional-park-gold,6,,331,osm
oak-grove-regional-park-gold,7,,297,osm
oak-grove-regional-park-gold,8,,412,osm
oak-grove-regional-park-gold,9,,224,osm
oak-grove-regional-park-gold,10,,394,osm
oak-grove-regional-park-gold,11,,324,osm
oak-grove-regional-park-gold,12,,346,osm
oak-grove-regional-park-gold,13,,306,osm
oak-grove-regional-park-gold,14,,309,osm
oak-grove-regional-park-gold,15,,285,osm
oak-grove-regional-park-gold,16,,248,osm
oak-grove-regional-park-gold,17,,339,osm
oak-grove-regional-park-gold,18,,276,osm
westchester-lagoon-park,1,,252,osm
westchester-lagoon-park,2,,184,osm
westchester-lagoon-park,3,,331,osm
westchester-lagoon-park,4,,214,osm
westchester-lagoon-park,5,,241,osm
westchester-lagoon-park,6,,201,osm
westchester-lagoon-park,7,,152,osm
westchester-lagoon-park,8,,277,osm
westchester-lagoon-park,9,,260,osm
river-walk,1,3,92,osm
river-walk,2,3,207,osm
river-walk,3,3,211,osm
river-walk,4,3,184,osm
river-walk,5,3,192,osm
river-walk,6,3,303,osm
river-walk,7,3,159,osm
fort-steilacoom-nw-disc-golf-course,1,3,289,osm
fort-steilacoom-nw-disc-golf-course,2,,291,osm
fort-steilacoom-nw-disc-golf-course,3,,390,osm
fort-steilacoom-nw-disc-golf-course,4,,318,osm
fort-steilacoom-nw-disc-golf-course,5,4,556,osm
fort-steilacoom-nw-disc-golf-course,6,,328,osm
fort-steilacoom-nw-disc-golf-course,7,,313,osm
fort-steilacoom-nw-disc-golf-course,8,,358,osm
fort-steilacoom-nw-disc-golf-course,9,,219,osm
fort-steilacoom-nw-disc-golf-course,10,,349,osm
fort-steilacoom-nw-disc-golf-course,11,,300,osm
fort-steilacoom-nw-disc-golf-course,12,,330,osm
fort-steilacoom-nw-disc-golf-course,13,,229,osm
fort-steilacoom-nw-disc-golf-course,14,,276,osm
fort-steilacoom-nw-disc-golf-course,15,,412,osm
fort-steilacoom-nw-disc-golf-course,16,,363,osm
fort-steilacoom-nw-disc-golf-course,17,,400,osm
fort-steilacoom-nw-disc-golf-course,18,,358,osm
wildflower-micro-disc-golf-course,1,2,,osm
wildflower-micro-disc-golf-course,2,3,201,osm
wildflower-micro-disc-golf-course,3,2,91,osm
wildflower-micro-disc-golf-course,4,2,,osm
wildflower-micro-disc-golf-course,5,2,,osm
kiwanis-park-disc-golf-course,1,3,227,osm
kiwanis-park-disc-golf-course,2,3,295,osm
kiwanis-park-disc-golf-course,3,3,294,osm
kiwanis-park-disc-golf-course,4,4,453,osm
kiwanis-park-disc-golf-course,5,3,387,osm
kiwanis-park-disc-golf-course,6,3,308,osm
kiwanis-park-disc-golf-course,7,3,237,osm
kiwanis-park-disc-golf-course,8,3,250,osm
kiwanis-park-disc-golf-course,9,4,507,osm
kiwanis-park-disc-golf-course,10,3,276,osm
kiwanis-park-disc-golf-course,11,4,460,osm
kiwanis-park-disc-golf-course,12,3,217,osm
kiwanis-park-disc-golf-course,13,4,514,osm
kiwanis-park-disc-golf-course,14,3,258,osm
kiwanis-park-disc-golf-course,15,3,258,osm
kiwanis-park-disc-golf-course,16,3,298,osm
kiwanis-park-disc-golf-course,17,3,286,osm
kiwanis-park-disc-golf-course,18,3,338,osm
sunset-lakes-disc-golf-course,1,5,764,osm
sunset-lakes-disc-golf-course,2,4,555,osm
sunset-lakes-disc-golf-course,3,4,490,osm
sunset-lakes-disc-golf-course,4,3,296,osm
sunset-lakes-disc-golf-course,5,4,761,osm
sunset-lakes-disc-golf-course,6,3,360,osm
sunset-lakes-disc-golf-course,7,4,753,osm
sunset-lakes-disc-golf-course,8,3,375,osm
sunset-lakes-disc-golf-course,9,4,463,osm
sunset-lakes-disc-golf-course,10,5,954,osm
sunset-lakes-disc-golf-course,11,3,377,osm
sunset-lakes-disc-golf-course,12,4,862,osm
sunset-lakes-disc-golf-course,13,3,297,osm
sunset-lakes-disc-golf-course,14,3,529,osm
sunset-lakes-disc-golf-course,15,4,435,osm
sunset-lakes-disc-golf-course,16,3,321,osm
sunset-lakes-disc-golf-course,17,4,470,osm
sunset-lakes-disc-golf-course,18,5,943,osm
larpd-disc-golf-course,1,3,275,osm
larpd-disc-golf-course,2,,237,osm
larpd-disc-golf-course,3,,160,osm
larpd-disc-golf-course,4,,322,osm
larpd-disc-golf-course,5,,165,osm
larpd-disc-golf-course,6,,361,osm
larpd-disc-golf-course,7,,240,osm
larpd-disc-golf-course,8,,307,osm
larpd-disc-golf-course,9,,300,osm
roadside-park-disc-golf,1,3,274,osm
roadside-park-disc-golf,2,3,267,osm
roadside-park-disc-golf,3,3,343,osm
roadside-park-disc-golf,4,3,263,osm
roadside-park-disc-golf,5,3,249,osm
roadside-park-disc-golf,6,3,218,osm
roadside-park-disc-golf,7,3,354,osm
roadside-park-disc-golf,8,3,209,osm
roadside-park-disc-golf,9,4,482,osm
langan-municipal-park,1,3,183,osm
langan-municipal-park,2,3,219,osm
langan-municipal-park,3,3,262,osm
langan-municipal-park,4,3,230,osm
langan-municipal-park,5,3,322,osm
langan-municipal-park,6,3,231,osm
langan-municipal-park,7,3,172,osm
langan-municipal-park,8,3,308,osm
langan-municipal-park,9,3,324,osm
langan-municipal-park,10,3,270,osm
langan-municipal-park,11,,218,osm
langan-municipal-park,12,3,242,osm
langan-municipal-park,13,3,205,osm
langan-municipal-park,14,3,231,osm
langan-municipal-park,15,3,264,osm
langan-municipal-park,16,3,226,osm
langan-municipal-park,17,3,215,osm
langan-municipal-park,18,3,190,osm
burns-park,1,3,215,osm
burns-park,2,3,265,osm
burns-park,3,4,568,osm
burns-park,4,3,204,osm
burns-park,5,3,188,osm
burns-park,6,3,229,osm
burns-park,7,3,290,osm
burns-park,8,3,371,osm
burns-park,9,3,315,osm
glenwood-community-church-disc-golf-course,1,3,257,osm
glenwood-community-church-disc-golf-course,2,3,253,osm
glenwood-community-church-disc-golf-course,3,3,288,osm
glenwood-community-church-disc-golf-course,4,3,298,osm
glenwood-community-church-disc-golf-course,5,3,168,osm
glenwood-community-church-disc-golf-course,6,3,473,osm
glenwood-community-church-disc-golf-course,7,3,319,osm
glenwood-community-church-disc-golf-course,8,3,250,osm
glenwood-community-church-disc-golf-course,9,3,252,osm
wills-park,1,3,156,osm
wills-park,2,4,385,osm
wills-park,3,3,295,osm
wills-park,4,3,252,osm
wills-park,5,3,244,osm
wills-park,6,3,314,osm
wills-park,7,3,233,osm
wills-park,8,3,347,osm
wills-park,9,3,229,osm
wills-park,10,3,196,osm
wills-park,11,3,172,osm
wills-park,12,3,327,osm
wills-park,13,3,286,osm
wills-park,14,4,398,osm
wills-park,15,3,246,osm
wills-park,16,3,251,osm
wills-park,17,3,250,osm
wills-park,18,,320,osm
northview-park,1,,109,osm
northview-park,2,,117,osm
northview-park,3,,211,osm
northview-park,4,,247,osm
northview-park,5,,250,osm
northview-park,6,,156,osm
northview-park,7,,221,osm
northview-park,8,,294,osm
northview-park,9,,214,osm
sandra-richardson-park,1,,257,osm
sandra-richardson-park,2,,465,osm
sandra-richardson-park,3,,316,osm
sandra-richardson-park,4,,828,osm
sandra-richardson-park,5,,763,osm
sandra-richardson-park,6,,392,osm
sandra-richardson-park,7,,257,osm
sandra-richardson-park,8,,220,osm
sandra-richardson-park,9,,597,osm
goyne-park-disc-golf-course,1,,241,osm
goyne-park-disc-golf-course,2,,249,osm
goyne-park-disc-golf-course,3,,240,osm
goyne-park-disc-golf-course,4,,215,osm
goyne-park-disc-golf-course,5,,220,osm
goyne-park-disc-golf-course,6,,170,osm
goyne-park-disc-golf-course,7,,302,osm
goyne-park-disc-golf-course,8,,371,osm
goyne-park-disc-golf-course,9,,238,osm
goyne-park-disc-golf-course,10,,249,osm
goyne-park-disc-golf-course,11,,219,osm
goyne-park-disc-golf-course,12,,299,osm
goyne-park-disc-golf-course,13,,363,osm
goyne-park-disc-golf-course,14,,299,osm
goyne-park-disc-golf-course,15,,268,osm
goyne-park-disc-golf-course,16,,373,osm
goyne-park-disc-golf-course,17,,307,osm
goyne-park-disc-golf-course,18,,374,osm
sundance-disc-golf-course,1,,270,osm
sundance-disc-golf-course,2,,242,osm
sundance-disc-golf-course,3,,218,osm
sundance-disc-golf-course,4,,208,osm
sundance-disc-golf-course,5,,198,osm
sundance-disc-golf-course,6,,234,osm
sundance-disc-golf-course,7,,146,osm
sundance-disc-golf-course,8,,197,osm
sundance-disc-golf-course,9,,277,osm
cerbat-cliffs-golf-course,1,4,545,osm
cerbat-cliffs-golf-course,2,3,323,osm
cerbat-cliffs-golf-course,3,3,319,osm
cerbat-cliffs-golf-course,4,3,356,osm
cerbat-cliffs-golf-course,7,4,509,osm
cerbat-cliffs-golf-course,8,3,289,osm
cerbat-cliffs-golf-course,9,3,381,osm
cerbat-cliffs-golf-course,10,3,335,osm
cerbat-cliffs-golf-course,11,3,306,osm
cerbat-cliffs-golf-course,12,4,547,osm
cerbat-cliffs-golf-course,13,3,319,osm
cerbat-cliffs-golf-course,14,3,472,osm
cerbat-cliffs-golf-course,15,3,350,osm
cerbat-cliffs-golf-course,16,3,262,osm
cerbat-cliffs-golf-course,17,3,343,osm
cerbat-cliffs-golf-course,18,3,413,osm
pioneer-park-0,1,3,395,osm
pioneer-park-0,2,3,258,osm
pioneer-park-0,3,3,381,osm
pioneer-park-0,4,3,391,osm
pioneer-park-0,5,3,308,osm
pioneer-park-0,6,3,350,osm
pioneer-park-0,7,3,392,osm
pioneer-park-0,8,3,349,osm
pioneer-park-0,9,3,354,osm
baker-farm,1,,313,osm
baker-farm,2,,346,osm
baker-farm,3,,211,osm
baker-farm,4,,332,osm
baker-farm,5,,305,osm
baker-farm,6,,389,osm
baker-farm,7,,368,osm
baker-farm,8,,180,osm
baker-farm,9,,304,osm
baker-farm,10,,262,osm
baker-farm,11,,921,osm
baker-farm,12,,177,osm
baker-farm,13,,263,osm
baker-farm,14,,410,osm
baker-farm,15,,384,osm
baker-farm,16,,238,osm
baker-farm,17,,339,osm
baker-farm,18,,719,osm
marion-township-park,1,,275,osm
marion-township-park,2,,385,osm
marion-township-park,3,,237,osm
marion-township-park,4,,271,osm
marion-township-park,5,,371,osm
marion-township-park,6,,299,osm
marion-township-park,7,,438,osm
marion-township-park,8,,641,osm
marion-township-park,9,,153,osm
black-rock-disc-golf,1,,625,osm
black-rock-disc-golf,2,,344,osm
black-rock-disc-golf,3,,231,osm
black-rock-disc-golf,4,,323,osm
black-rock-disc-golf,5,,477,osm
black-rock-disc-golf,6,,412,osm
black-rock-disc-golf,7,,151,osm
black-rock-disc-golf,8,,340,osm
black-rock-disc-golf,9,,208,osm
black-rock-disc-golf,10,,267,osm
black-rock-disc-golf,11,,288,osm
black-rock-disc-golf,12,,215,osm
black-rock-disc-golf,13,,313,osm
black-rock-disc-golf,14,,214,osm
black-rock-disc-golf,15,,558,osm
black-rock-disc-golf,16,,386,osm
black-rock-disc-golf,17,,249,osm
black-rock-disc-golf,18,,852,osm
highland-springs-reservoir,1,,152,osm
highland-springs-reservoir,2,,182,osm
highland-springs-reservoir,3,,147,osm
highland-springs-reservoir,4,,148,osm
highland-springs-reservoir,5,,224,osm
highland-springs-reservoir,6,,292,osm
highland-springs-reservoir,7,,110,osm
highland-springs-reservoir,8,,96,osm
highland-springs-reservoir,9,,108,osm
highland-springs-reservoir,10,,204,osm
highland-springs-reservoir,11,,165,osm
highland-springs-reservoir,13,,202,osm
highland-springs-reservoir,14,,261,osm
highland-springs-reservoir,15,,221,osm
highland-springs-reservoir,16,,159,osm
highland-springs-reservoir,17,,208,osm
highland-springs-reservoir,18,,215,osm
buckingham-golf-course,1,,533,osm
buckingham-golf-course,2,,227,osm
buckingham-golf-course,3,,335,osm
buckingham-golf-course,4,,444,osm
buckingham-golf-course,5,,195,osm
buckingham-golf-course,6,,304,osm
buckingham-golf-course,7,,754,osm
buckingham-golf-course,8,,561,osm
buckingham-golf-course,9,,369,osm
buckingham-golf-course,10,,373,osm
buckingham-golf-course,11,,278,osm
buckingham-golf-course,12,,397,osm
buckingham-golf-course,13,,1236,osm
buckingham-golf-course,14,,647,osm
buckingham-golf-course,15,,463,osm
buckingham-golf-course,16,,549,osm
buckingham-golf-course,17,,391,osm
buckingham-golf-course,18,,686,osm
holmes-park,1,3,242,osm
holmes-park,2,3,165,osm
holmes-park,3,3,263,osm
holmes-park,4,3,333,osm
holmes-park,5,3,144,osm
holmes-park,6,3,204,osm
holmes-park,7,3,248,osm
holmes-park,8,3,235,osm
holmes-park,9,3,234,osm
cascade-township-park,1,3,304,osm
cascade-township-park,2,3,268,osm
cascade-township-park,3,3,333,osm
cascade-township-park,4,3,404,osm
cascade-township-park,5,3,159,osm
cascade-township-park,6,3,321,osm
cascade-township-park,7,3,348,osm
cascade-township-park,8,3,331,osm
cascade-township-park,9,3,215,osm
cascade-township-park,10,3,288,osm
cascade-township-park,11,3,223,osm
cascade-township-park,12,3,190,osm
cascade-township-park,13,3,196,osm
cascade-township-park,14,3,293,osm
cascade-township-park,15,3,117,osm
cascade-township-park,16,3,157,osm
cascade-township-park,17,3,200,osm
cascade-township-park,18,3,221,osm
payson-canyon-disc-golf-course,1,,141,osm
payson-canyon-disc-golf-course,2,,101,osm
payson-canyon-disc-golf-course,3,,139,osm
payson-canyon-disc-golf-course,4,,120,osm
payson-canyon-disc-golf-course,5,,144,osm
payson-canyon-disc-golf-course,6,,155,osm
payson-canyon-disc-golf-course,7,,321,osm
payson-canyon-disc-golf-course,8,,115,osm
payson-canyon-disc-golf-course,9,,233,osm
payson-canyon-disc-golf-course,10,,204,osm
payson-canyon-disc-golf-course,11,,167,osm
payson-canyon-disc-golf-course,12,,166,osm
payson-canyon-disc-golf-course,13,,274,osm
payson-canyon-disc-golf-course,14,,,osm
payson-canyon-disc-golf-course,15,,118,osm
payson-canyon-disc-golf-course,16,,152,osm
payson-canyon-disc-golf-course,17,,211,osm
payson-canyon-disc-golf-course,18,,225,osm
hideaway-park,1,3,272,osm
hideaway-park,2,3,229,osm
hideaway-park,3,3,273,osm
hideaway-park,4,3,280,osm
hideaway-park,5,3,266,osm
hideaway-park,6,3,244,osm
hideaway-park,7,3,359,osm
hideaway-park,8,3,261,osm
hideaway-park,9,3,303,osm
hideaway-park,10,3,230,osm
hideaway-park,11,3,257,osm
hideaway-park,12,3,260,osm
hideaway-park,13,3,282,osm
hideaway-park,14,3,188,osm
hideaway-park,15,3,160,osm
hideaway-park,16,3,211,osm
hideaway-park,17,3,441,osm
hideaway-park,18,,358,osm
spassland-disc-golf-course,1,,222,osm
spassland-disc-golf-course,2,,203,osm
spassland-disc-golf-course,3,,208,osm
spassland-disc-golf-course,4,,159,osm
spassland-disc-golf-course,5,,220,osm
spassland-disc-golf-course,6,,236,osm
spassland-disc-golf-course,7,,246,osm
spassland-disc-golf-course,8,,196,osm
spassland-disc-golf-course,9,,242,osm
fort-washington-state-park-dgc,1,,185,osm
fort-washington-state-park-dgc,2,,356,osm
fort-washington-state-park-dgc,3,,397,osm
fort-washington-state-park-dgc,4,,555,osm
fort-washington-state-park-dgc,5,,362,osm
fort-washington-state-park-dgc,6,,517,osm
fort-washington-state-park-dgc,7,,391,osm
fort-washington-state-park-dgc,8,,381,osm
fort-washington-state-park-dgc,9,,346,osm
fort-washington-state-park-dgc,10,,540,osm
fort-washington-state-park-dgc,11,,330,osm
fort-washington-state-park-dgc,12,,233,osm
fort-washington-state-park-dgc,13,,490,osm
fort-washington-state-park-dgc,14,,281,osm
fort-washington-state-park-dgc,15,,307,osm
fort-washington-state-park-dgc,16,,312,osm
fort-washington-state-park-dgc,17,,381,osm
fort-washington-state-park-dgc,18,,368,osm
deerfield-community-park-0,1,,151,osm
deerfield-community-park-0,2,,117,osm
deerfield-community-park-0,3,,180,osm
deerfield-community-park-0,4,,100,osm
deerfield-community-park-0,5,,124,osm
deerfield-community-park-0,6,,174,osm
deerfield-community-park-0,7,,114,osm
deerfield-community-park-0,8,,175,osm
deerfield-community-park-0,9,,132,osm
central-park-disc-golf-course-2,1,3,308,osm
central-park-disc-golf-course-2,2,3,260,osm
central-park-disc-golf-course-2,3,3,278,osm
central-park-disc-golf-course-2,4,3,303,osm
central-park-disc-golf-course-2,5,3,276,osm
central-park-disc-golf-course-2,6,3,280,osm
central-park-disc-golf-course-2,7,3,364,osm
central-park-disc-golf-course-2,8,3,262,osm
central-park-disc-golf-course-2,9,3,310,osm
central-park-disc-golf-course-2,10,3,412,osm
central-park-disc-golf-course-2,11,3,277,osm
central-park-disc-golf-course-2,12,3,334,osm
central-park-disc-golf-course-2,13,3,271,osm
central-park-disc-golf-course-2,14,3,372,osm
central-park-disc-golf-course-2,15,3,375,osm
central-park-disc-golf-course-2,16,3,477,osm
central-park-disc-golf-course-2,17,3,323,osm
central-park-disc-golf-course-2,18,3,308,osm
park-circle-disc-golf-course,1,3,321,osm
park-circle-disc-golf-course,2,3,214,osm
park-circle-disc-golf-course,3,3,244,osm
park-circle-disc-golf-course,4,3,372,osm
park-circle-disc-golf-course,5,3,211,osm
park-circle-disc-golf-course,6,3,218,osm
park-circle-disc-golf-course,7,3,292,osm
park-circle-disc-golf-course,8,3,316,osm
park-circle-disc-golf-course,9,3,253,osm
park-circle-disc-golf-course,10,3,298,osm
park-circle-disc-golf-course,11,3,326,osm
park-circle-disc-golf-course,12,3,255,osm
park-circle-disc-golf-course,13,3,244,osm
park-circle-disc-golf-course,14,3,227,osm
park-circle-disc-golf-course,15,3,248,osm
park-circle-disc-golf-course,16,3,366,osm
park-circle-disc-golf-course,17,3,234,osm
park-circle-disc-golf-course,18,3,340,osm
four-poles,1,3,268,osm
four-poles,2,3,283,osm
four-poles,3,3,188,osm
four-poles,4,3,263,osm
four-poles,5,3,265,osm
four-poles,6,3,199,osm
four-poles,7,3,227,osm
four-poles,8,3,176,osm
four-poles,9,3,242,osm
minooka-disc-golf-course,1,3,193,osm
minooka-disc-golf-course,2,3,127,osm
minooka-disc-golf-course,3,3,191,osm
minooka-disc-golf-course,4,4,263,osm
minooka-disc-golf-course,5,3,168,osm
minooka-disc-golf-course,6,3,189,osm
north-bingham-county-park,1,3,268,osm
north-bingham-county-park,2,5,346,osm
north-bingham-county-park,3,3,347,osm
north-bingham-county-park,4,3,254,osm
north-bingham-county-park,5,4,290,osm
north-bingham-county-park,6,5,497,osm
north-bingham-county-park,7,3,303,osm
north-bingham-county-park,8,5,406,osm
north-bingham-county-park,9,3,279,osm
rampart-disc-golf-course,1,3,222,osm
rampart-disc-golf-course,2,3,249,osm
rampart-disc-golf-course,3,3,331,osm
rampart-disc-golf-course,4,3,267,osm
rampart-disc-golf-course,5,4,625,osm
rampart-disc-golf-course,6,3,300,osm
rampart-disc-golf-course,7,3,309,osm
rampart-disc-golf-course,8,3,245,osm
rampart-disc-golf-course,9,3,352,osm
rampart-disc-golf-course,10,3,183,osm
rampart-disc-golf-course,11,3,317,osm
rampart-disc-golf-course,12,3,345,osm
rampart-disc-golf-course,13,3,254,osm
rampart-disc-golf-course,14,4,457,osm
rampart-disc-golf-course,15,3,331,osm
rampart-disc-golf-course,16,3,301,osm
rampart-disc-golf-course,17,4,466,osm
rampart-disc-golf-course,18,3,231,osm
vista-hills-park,1,3,144,osm
vista-hills-park,2,4,218,osm
vista-hills-park,3,5,353,osm
vista-hills-park,4,,264,osm
vista-hills-park,5,3,218,osm
vista-hills-park,8,3,196,osm
vista-hills-park,9,4,307,osm
central-park-disc-golf-course-0,1,3,301,osm
central-park-disc-golf-course-0,2,3,155,osm
central-park-disc-golf-course-0,3,3,155,osm
central-park-disc-golf-course-0,4,3,182,osm
central-park-disc-golf-course-0,5,3,224,osm
central-park-disc-golf-course-0,6,3,280,osm
central-park-disc-golf-course-0,7,3,231,osm
central-park-disc-golf-course-0,8,3,208,osm
central-park-disc-golf-course-0,9,3,219,osm
central-park-disc-golf-course-0,10,3,284,osm
central-park-disc-golf-course-0,11,3,315,osm
central-park-disc-golf-course-0,12,3,149,osm
central-park-disc-golf-course-0,13,3,162,osm
central-park-disc-golf-course-0,14,3,248,osm
central-park-disc-golf-course-0,15,3,123,osm
central-park-disc-golf-course-0,16,3,164,osm
central-park-disc-golf-course-0,17,3,333,osm
central-park-disc-golf-course-0,18,3,221,osm
north-shore-channel-trail,1,,225,osm
north-shore-channel-trail,2,,261,osm
north-shore-channel-trail,3,,188,osm
north-shore-channel-trail,4,,122,osm
north-shore-channel-trail,5,,195,osm
north-shore-channel-trail,6,,263,osm
north-shore-channel-trail,7,,386,osm
north-shore-channel-trail,8,,215,osm
north-shore-channel-trail,9,,210,osm
woodland-mound-park,1,4,230,osm
woodland-mound-park,2,4,182,osm
woodland-mound-park,3,4,191,osm
woodland-mound-park,4,5,331,osm
woodland-mound-park,5,4,315,osm
woodland-mound-park,6,3,217,osm
woodland-mound-park,7,4,288,osm
woodland-mound-park,8,4,228,osm
woodland-mound-park,9,3,153,osm
woodland-mound-park,10,4,149,osm
woodland-mound-park,11,4,130,osm
woodland-mound-park,12,4,138,osm
woodland-mound-park,13,5,276,osm
woodland-mound-park,14,3,116,osm
woodland-mound-park,15,3,125,osm
woodland-mound-park,16,4,195,osm
woodland-mound-park,17,4,153,osm
woodland-mound-park,18,4,215,osm
brahan-springs-park,1,,412,osm
brahan-springs-park,2,,356,osm
brahan-springs-park,3,,264,osm
brahan-springs-park,4,,199,osm
brahan-springs-park,5,,256,osm
brahan-springs-park,6,,232,osm
brahan-springs-park,7,,263,osm
brahan-springs-park,8,,275,osm
brahan-springs-park,9,,241,osm
brahan-springs-park,10,,260,osm
brahan-springs-park,11,,301,osm
brahan-springs-park,12,,186,osm
brahan-springs-park,13,,217,osm
brahan-springs-park,14,,268,osm
brahan-springs-park,15,,237,osm
brahan-springs-park,16,,238,osm
brahan-springs-park,17,,296,osm
brahan-springs-park,18,,209,osm
veterans-park-0,1,,580,osm
veterans-park-0,2,,311,osm
veterans-park-0,3,,474,osm
veterans-park-0,4,,246,osm
veterans-park-0,5,,352,osm
veterans-park-0,6,,284,osm
veterans-park-0,7,,325,osm
veterans-park-0,8,,396,osm
veterans-park-0,9,,243,osm
veterans-park-0,10,,330,osm
veterans-park-0,11,,306,osm
veterans-park-0,12,,569,osm
veterans-park-0,13,,379,osm
veterans-park-0,14,,474,osm
veterans-park-0,15,,211,osm
veterans-park-0,16,,243,osm
veterans-park-0,17,,331,osm
veterans-park-0,18,,346,osm
dodds-park-dgc,1,3,364,osm
dodds-park-dgc,2,3,418,osm
dodds-park-dgc,3,3,408,osm
dodds-park-dgc,4,3,301,osm
dodds-park-dgc,5,3,352,osm
dodds-park-dgc,6,3,295,osm
dodds-park-dgc,7,3,260,osm
dodds-park-dgc,8,3,295,osm
dodds-park-dgc,9,3,302,osm
dodds-park-dgc,10,3,375,osm
dodds-park-dgc,11,3,196,osm
dodds-park-dgc,12,4,502,osm
dodds-park-dgc,13,3,260,osm
dodds-park-dgc,14,3,382,osm
dodds-park-dgc,15,3,328,osm
dodds-park-dgc,16,,291,osm
dodds-park-dgc,17,3,290,osm
dodds-park-dgc,18,3,328,osm
pomolita,1,,226,osm
pomolita,2,,211,osm
pomolita,3,,542,osm
pomolita,4,,281,osm
pomolita,5,,280,osm
pomolita,6,,223,osm
pomolita,7,,387,osm
pomolita,8,,229,osm
pomolita,9,,187,osm
area-51,1,3,350,osm
area-51,2,3,171,osm
area-51,3,3,248,osm
area-51,4,3,383,osm
area-51,5,3,227,osm
area-51,6,3,226,osm
area-51,7,3,289,osm
area-51,8,3,287,osm
area-51,9,3,344,osm
area-51,10,3,254,osm
area-51,11,3,431,osm
area-51,12,3,250,osm
area-51,13,3,277,osm
area-51,14,3,262,osm
area-51,15,3,242,osm
area-51,16,3,406,osm
area-51,17,3,454,osm
area-51,18,3,468,osm
clark-park,1,3,252,osm
clark-park,2,3,268,osm
clark-park,3,4,238,osm
clark-park,4,4,343,osm
clark-park,5,3,297,osm
clark-park,6,3,244,osm
clark-park,7,3,272,osm
clark-park,8,3,241,osm
clark-park,9,3,216,osm
